id,player_name,player_age,player_position,club_left,club_joined,transfer_fee
385490,Ben White,23,Right-Back,Brighton,Arsenal FC,€50.00m
385491,Martin Ødegaard,22,Attacking Midfield,Real Madrid,Arsenal FC,€80.00m
385492,Aaron Ramsdale,23,Goalkeeper,Sheff Utd,Arsenal FC,€38.00m
385493,Takehiro Tomiyasu,22,Right-Back,Bologna,Arsenal FC,€25.00m
385494,Albert Sambi Lokonga,21,Central Midfield,RSC Anderlecht,Arsenal FC,€15.00m
385495,Nuno Tavares,21,Left-Back,Benfica,Arsenal FC,€18.00m
385496,Auston Trusty,23,Centre-Back,Colorado,Arsenal FC,€9.00m
385497,Dejan Iliev,26,Goalkeeper,SKF Sered,Arsenal FC,€325k
385498,William Saliba,20,Centre-Back,OGC Nice,Arsenal FC,€55.00m
385499,Sead Kolasinac,28,Left-Back,FC Schalke 04,Arsenal FC,€5.00m
385500,Lucas Torreira,25,Defensive Midfield,Atlético Madrid,Arsenal FC,€15.00m
385501,Mattéo Guendouzi,22,Central Midfield,Hertha BSC,Arsenal FC,€25.00m
385502,Joe Willock,21,Central Midfield,Arsenal FC,Newcastle,€30.00m
385503,Lucas Torreira,25,Defensive Midfield,Arsenal FC,Fiorentina,€15.00m
385504,Ainsley Maitland-Niles,24,Right Midfield,Arsenal FC,AS Roma,€8.00m
385505,Pierre-Emerick Aubameyang,32,Centre-Forward,Arsenal FC,Barcelona,€7.00m
385506,Calum Chambers,27,Centre-Back,Arsenal FC,Aston Villa,€8.00m
385507,Sead Kolasinac,28,Left-Back,Arsenal FC,Marseille,€5.00m
385508,Dejan Iliev,26,Goalkeeper,Arsenal FC,AS Trencin,€325k
385509,David Luiz,34,Centre-Back,Arsenal FC,Flamengo,€800k
385510,Willian,33,Left Winger,Arsenal FC,Corinthians,€3.00m
385511,Dejan Iliev,26,Goalkeeper,Arsenal FC,SKF Sered,€325k
385512,William Saliba,20,Centre-Back,Arsenal FC,Marseille,€55.00m
385513,Reiss Nelson,21,Right Winger,Arsenal FC,Feyenoord,€7.00m
385514,Rúnar Alex Rúnarsson,26,Goalkeeper,Arsenal FC,OH Leuven,€1.30m
385515,Héctor Bellerín,26,Right-Back,Arsenal FC,Real Betis,€8.00m
385516,Mattéo Guendouzi,22,Central Midfield,Arsenal FC,Marseille,€25.00m
385517,Pablo Marí,28,Centre-Back,Arsenal FC,Udinese Calcio,€5.00m
385518,Auston Trusty,23,Centre-Back,Arsenal FC,Colorado,€9.00m
385519,Martin Ødegaard,22,Attacking Midfield,Arsenal FC,Real Madrid,€80.00m
385520,Mathew Ryan,29,Goalkeeper,Arsenal FC,Brighton,€4.00m
385521,Dani Ceballos,24,Central Midfield,Arsenal FC,Real Madrid,€12.00m
385522,Emiliano Buendía,24,Right Winger,Norwich,Aston Villa,€28.00m
385523,Leon Bailey,23,Left Winger,B. Leverkusen,Aston Villa,€25.00m
385524,Lucas Digne,28,Left-Back,Everton,Aston Villa,€17.00m
385525,Danny Ings,29,Centre-Forward,Southampton,Aston Villa,€16.00m
385526,Calum Chambers,27,Centre-Back,Arsenal,Aston Villa,€8.00m
385527,Ashley Young,35,Right-Back,Inter,Aston Villa,€1.00m
385528,Robin Olsen,32,Goalkeeper,AS Roma,Aston Villa,€2.00m
385529,Philippe Coutinho,29,Left Winger,Barcelona,Aston Villa,€14.00m
385530,Axel Tuanzebe,23,Centre-Back,Man Utd,Aston Villa,€6.00m
385531,Cameron Archer,19,Centre-Forward,Aston Villa U23,Aston Villa,€10.00m
385532,Jaden Philogene,19,Left Winger,Aston Villa U23,Aston Villa,€2.50m
385533,Tim Iroegbunam,18,Central Midfield,Aston Villa U23,Aston Villa,€4.00m
385534,Carney Chukwuemeka,17,Central Midfield,Aston Villa U23,Aston Villa,€15.00m
385535,Wesley Moraes,25,Centre-Forward,Club Brugge,Aston Villa,€3.00m
385536,Ally Samatta,28,Centre-Forward,Fenerbahce,Aston Villa,€2.50m
385537,Jed Steer,29,Goalkeeper,Luton,Aston Villa,€600k
385538,Frédéric Guilbert,26,Right-Back,R. Strasbourg,Aston Villa,€5.00m
385539,Matt Targett,26,Left-Back,Newcastle,Aston Villa,€15.00m
385540,Keinan Davis,24,Centre-Forward,Nottm Forest,Aston Villa,€3.00m
385541,Conor Hourihane,31,Central Midfield,Sheff Utd,Aston Villa,€1.80m
385542,Jaden Philogene,20,Left Winger,Stoke City,Aston Villa,€2.50m
385543,Cameron Archer,20,Centre-Forward,Preston,Aston Villa,€10.00m
385544,Jack Grealish,25,Left Winger,Aston Villa,Man City,€70.00m
385545,Ally Samatta,28,Centre-Forward,Aston Villa,Fenerbahce,€2.50m
385546,Björn Engels,26,Centre-Back,Aston Villa,Royal Antwerp,€2.00m
385547,Tom Heaton,35,Goalkeeper,Aston Villa,Man Utd,€600k
385548,Matt Targett,26,Left-Back,Aston Villa,Newcastle,€15.00m
385549,Jaden Philogene,19,Left Winger,Aston Villa,Stoke City,€2.50m
385550,Frédéric Guilbert,26,Right-Back,Aston Villa,R. Strasbourg,€5.00m
385551,Keinan Davis,23,Centre-Forward,Aston Villa,Nottm Forest,€3.00m
385552,Conor Hourihane,30,Central Midfield,Aston Villa,Sheff Utd,€1.80m
385553,Cameron Archer,20,Centre-Forward,Aston Villa,Preston,€10.00m
385554,Wesley Moraes,24,Centre-Forward,Aston Villa,Club Brugge,€3.00m
385555,Mahmoud Trezeguet,27,Left Winger,Aston Villa,Basaksehir,€10.50m
385556,Jed Steer,29,Goalkeeper,Aston Villa,Luton,€600k
385557,Anwar El Ghazi,26,Right Winger,Aston Villa,Everton,€8.00m
385558,Wesley Moraes,25,Centre-Forward,Aston Villa,Internacional,€3.00m
385559,Axel Tuanzebe,24,Centre-Back,Aston Villa,Man Utd,€6.00m
385560,Kristoffer Ajer,23,Centre-Back,Celtic,Brentford FC,€16.00m
385561,Yoane Wissa,24,Left Winger,FC Lorient,Brentford FC,€15.00m
385562,Frank Onyeka,23,Central Midfield,FC Midtjylland,Brentford FC,€9.00m
385563,Álvaro Fernández,23,Goalkeeper,SD Huesca,Brentford FC,€3.00m
385564,Zanka,31,Centre-Back,Fenerbahce,Brentford FC,€1.50m
385565,Jonas Lössl,32,Goalkeeper,FC Midtjylland,Brentford FC,€600k
385566,Mads Bidstrup,20,Central Midfield,Brentford B,Brentford FC,€1.50m
385567,Marcus Forss,22,Centre-Forward,Hull City,Brentford FC,€3.50m
385568,Charlie Goode,26,Centre-Back,Sheff Utd,Brentford FC,€800k
385569,Julian Jeanvier,29,Centre-Back,Kasimpasa,Brentford FC,€800k
385570,Ellery Balcombe,22,Goalkeeper,Bromley,Brentford FC,€300k
385571,Dominic Thompson,21,Left-Back,Ipswich,Brentford FC,€1.80m
385572,Patrik Gunnarsson,21,Goalkeeper,Viking FK,Brentford FC,€700k
385573,Ellery Balcombe,22,Goalkeeper,Burton Albion,Brentford FC,€300k
385574,Halil Dervisoglu,21,Centre-Forward,Galatasaray,Brentford FC,€2.50m
385575,Patrik Gunnarsson,20,Goalkeeper,Silkeborg IF,Brentford FC,€700k
385576,Joel Valencia,26,Right Winger,Legia Warszawa,Brentford FC,€400k
385577,Halil Dervisoglu,21,Centre-Forward,Brentford FC,Galatasaray,€2.50m
385578,Emiliano Marcondes,26,Attacking Midfield,Brentford FC,Bournemouth,€1.80m
385579,Luke Daniels,33,Goalkeeper,Brentford FC,Middlesbrough,€250k
385580,Henrik Dalsgaard,31,Centre-Back,Brentford FC,FC Midtjylland,€800k
385581,Ellery Balcombe,21,Goalkeeper,Brentford FC,Burton Albion,€300k
385582,Dominic Thompson,21,Left-Back,Brentford FC,Ipswich,€1.80m
385583,Luka Racic,22,Centre-Back,Brentford FC,HB Köge,€250k
385584,Ellery Balcombe,22,Goalkeeper,Brentford FC,Bromley,€300k
385585,Patrik Gunnarsson,21,Goalkeeper,Brentford FC,Viking FK,€700k
385586,Jan Zamburek,20,Central Midfield,Brentford FC,Viborg FF,€500k
385587,Charlie Goode,26,Centre-Back,Brentford FC,Sheff Utd,€800k
385588,Joel Valencia,27,Right Winger,Brentford FC,Alcorcón,€400k
385589,Mads Bidstrup,20,Central Midfield,Brentford FC,Nordsjaelland,€1.50m
385590,Patrik Gunnarsson,20,Goalkeeper,Brentford FC,Viking FK,€700k
385591,Marcus Forss,22,Centre-Forward,Brentford FC,Hull City,€3.50m
385592,Enock Mwepu,23,Central Midfield,RB Salzburg,Brighton & Hove Albion,-
385593,Marc Cucurella,23,Left-Back,Getafe,Brighton & Hove Albion,€40.00m
385594,Kacper Kozlowski,18,Central Midfield,Pogon Szczecin,Brighton & Hove Albion,€8.00m
385595,Abdallah Sima,20,Right Winger,Slavia Prague,Brighton & Hove Albion,€7.00m
385596,Deniz Undav,25,Centre-Forward,Union SG,Brighton & Hove Albion,€6.00m
385597,Kjell Scherpen,21,Goalkeeper,Ajax,Brighton & Hove Albion,€2.00m
385598,Kaoru Mitoma,24,Left Winger,Kawasaki Front.,Brighton & Hove Albion,€22.00m
385599,Jeremy Sarmiento,19,Attacking Midfield,Benfica U19,Brighton & Hove Albion,€5.00m
385600,Haydon Roberts,19,Centre-Back,Brighton U23,Brighton & Hove Albion,€500k
385601,Taylor Richards,20,Central Midfield,Brighton U23,Brighton & Hove Albion,€400k
385602,Taylor Richards,21,Central Midfield,Birmingham,Brighton & Hove Albion,€400k
385603,Aaron Connolly,22,Centre-Forward,Middlesbrough,Brighton & Hove Albion,€5.00m
385604,Jan Paul van Hecke,21,Centre-Back,Blackburn,Brighton & Hove Albion,€4.00m
385605,Moisés Caicedo,20,Defensive Midfield,Beerschot V.A.,Brighton & Hove Albion,€55.00m
385606,Abdallah Sima,20,Right Winger,Stoke City,Brighton & Hove Albion,€7.00m
385607,Christian Walton,26,Goalkeeper,Ipswich,Brighton & Hove Albion,€800k
385608,Billy Arce,23,Left Winger,LDU Quito,Brighton & Hove Albion,€300k
385609,Leo Östigard,22,Centre-Back,Stoke City,Brighton & Hove Albion,€7.00m
385610,Kaoru Mitoma,25,Left Winger,Union SG,Brighton & Hove Albion,€22.00m
385611,Matt Clarke,25,Centre-Back,West Brom,Brighton & Hove Albion,€4.00m
385612,Mathew Ryan,29,Goalkeeper,Arsenal,Brighton & Hove Albion,€4.00m
385613,Bernardo,26,Centre-Back,RB Salzburg,Brighton & Hove Albion,€2.50m
385614,Tudor Baluta,22,Defensive Midfield,Dynamo Kyiv,Brighton & Hove Albion,€2.00m
385615,Jan Paul van Hecke,21,Centre-Back,Heerenveen,Brighton & Hove Albion,€4.00m
385616,Jan Mlakar,22,Centre-Forward,NK Maribor,Brighton & Hove Albion,€2.30m
385617,Jürgen Locadia,27,Centre-Forward,Cincinnati,Brighton & Hove Albion,€1.80m
385618,Ben White,23,Right-Back,Brighton & Hove Albion,Arsenal,€50.00m
385619,Dan Burn,29,Centre-Back,Brighton & Hove Albion,Newcastle,€12.00m
385620,Percy Tau,27,Right Winger,Brighton & Hove Albion,El Ahly,€1.50m
385621,Viktor Gyökeres,23,Centre-Forward,Brighton & Hove Albion,Coventry,€8.00m
385622,Alireza Jahanbakhsh,27,Right Winger,Brighton & Hove Albion,Feyenoord,€3.00m
385623,Michal Karbownik,20,Left-Back,Brighton & Hove Albion,Olympiacos,€3.00m
385624,Billy Arce,23,Left Winger,Brighton & Hove Albion,Independiente,€300k
385625,Jürgen Locadia,28,Centre-Forward,Brighton & Hove Albion,VfL Bochum,€1.80m
385626,José Izquierdo,29,Left Winger,Brighton & Hove Albion,Club Brugge,€800k
385627,Davy Pröpper,29,Central Midfield,Brighton & Hove Albion,PSV Eindhoven,€700k
385628,Mathew Ryan,29,Goalkeeper,Brighton & Hove Albion,Real Sociedad,€4.00m
385629,Kaoru Mitoma,24,Left Winger,Brighton & Hove Albion,Union SG,€22.00m
385630,Deniz Undav,25,Centre-Forward,Brighton & Hove Albion,Union SG,€6.00m
385631,Kacper Kozlowski,18,Central Midfield,Brighton & Hove Albion,Union SG,€8.00m
385632,Bernardo,26,Centre-Back,Brighton & Hove Albion,RB Salzburg,€2.50m
385633,Jan Mlakar,22,Centre-Forward,Brighton & Hove Albion,Hajduk Split,€2.30m
385634,Christian Walton,26,Goalkeeper,Brighton & Hove Albion,Ipswich,€800k
385635,Moisés Caicedo,19,Defensive Midfield,Brighton & Hove Albion,Beerschot V.A.,€55.00m
385636,Abdallah Sima,20,Right Winger,Brighton & Hove Albion,Stoke City,€7.00m
385637,Aaron Connolly,21,Centre-Forward,Brighton & Hove Albion,Middlesbrough,€5.00m
385638,Christian Walton,25,Goalkeeper,Brighton & Hove Albion,Ipswich,€800k
385639,Andi Zeqiri,22,Centre-Forward,Brighton & Hove Albion,FC Augsburg,€2.70m
385640,Leo Östigard,22,Centre-Back,Brighton & Hove Albion,Genoa,€7.00m
385641,Jan Paul van Hecke,21,Centre-Back,Brighton & Hove Albion,Blackburn,€4.00m
385642,Florin Andone,28,Centre-Forward,Brighton & Hove Albion,Cádiz CF,€1.00m
385643,Leo Östigard,21,Centre-Back,Brighton & Hove Albion,Stoke City,€7.00m
385644,Taylor Richards,21,Central Midfield,Brighton & Hove Albion,Birmingham,€400k
385645,Matt Clarke,24,Centre-Back,Brighton & Hove Albion,West Brom,€4.00m
385646,Kjell Scherpen,22,Goalkeeper,Brighton & Hove Albion,KV Oostende,€2.00m
385647,Wout Weghorst,29,Centre-Forward,VfL Wolfsburg,Burnley FC,€14.00m
385648,Maxwel Cornet,24,Left Winger,Olympique Lyon,Burnley FC,€15.00m
385649,Nathan Collins,20,Centre-Back,Stoke City,Burnley FC,€22.00m
385650,Connor Roberts,25,Right-Back,Swansea,Burnley FC,€6.00m
385651,Aaron Lennon,34,Right Winger,Kayserispor,Burnley FC,-
385652,Wayne Hennessey,34,Goalkeeper,Crystal Palace,Burnley FC,€500k
385653,Bobby Thomas,20,Centre-Back,Burnley U21,Burnley FC,€150k
385654,Bailey Peacock-Farrell,25,Goalkeeper,Sheff Wed,Burnley FC,€900k
385655,Chris Wood,30,Centre-Forward,Burnley FC,Newcastle,€10.00m
385656,Ben Gibson,28,Centre-Back,Burnley FC,Norwich,€2.50m
385657,Josh Benson,21,Central Midfield,Burnley FC,Barnsley FC,€300k
385658,Jimmy Dunne,23,Centre-Back,Burnley FC,QPR,€3.50m
385659,Bailey Peacock-Farrell,24,Goalkeeper,Burnley FC,Sheff Wed,€900k
385660,Romelu Lukaku,28,Centre-Forward,Inter,Chelsea FC,€40.00m
385661,Saúl Ñíguez,26,Central Midfield,Atlético Madrid,Chelsea FC,€10.00m
385662,Marcus Bettinelli,29,Goalkeeper,Fulham,Chelsea FC,€2.00m
385663,Trevoh Chalobah,21,Centre-Back,Chelsea U23,Chelsea FC,€22.00m
385664,Abdul-Rahman Baba,27,Left-Back,Reading,Chelsea FC,€1.80m
385665,Danilo Pantic,24,Attacking Midfield,Čukarički,Chelsea FC,€800k
385666,Kenedy,25,Left Winger,Flamengo,Chelsea FC,€3.00m
385667,Kenedy,25,Left Winger,Granada CF,Chelsea FC,€3.00m
385668,Danny Drinkwater,32,Central Midfield,Reading,Chelsea FC,€400k
385669,Billy Gilmour,20,Central Midfield,Norwich,Chelsea FC,€9.00m
385670,Lewis Baker,26,Central Midfield,Trabzonspor,Chelsea FC,€3.00m
385671,Davide Zappacosta,29,Right-Back,Genoa,Chelsea FC,€7.00m
385672,Danny Drinkwater,31,Central Midfield,Kasimpasa,Chelsea FC,€400k
385673,Abdul-Rahman Baba,26,Left-Back,PAOK Salonika,Chelsea FC,€1.80m
385674,Matt Miazga,25,Centre-Back,RSC Anderlecht,Chelsea FC,€2.00m
385675,Fikayo Tomori,23,Centre-Back,AC Milan,Chelsea FC,€45.00m
385676,Tiemoué Bakayoko,26,Defensive Midfield,SSC Napoli,Chelsea FC,€2.50m
385677,Malang Sarr,22,Centre-Back,FC Porto,Chelsea FC,€8.00m
385678,Marco van Ginkel,28,Central Midfield,PSV Eindhoven,Chelsea FC,€1.40m
385679,Victor Moses,30,Right Midfield,Spartak Moscow,Chelsea FC,€3.00m
385680,Jake Clarke-Salter,24,Centre-Back,Coventry,Chelsea FC,€2.50m
385681,Tammy Abraham,23,Centre-Forward,Chelsea FC,AS Roma,€45.00m
385682,Kurt Zouma,26,Centre-Back,Chelsea FC,West Ham,€28.00m
385683,Fikayo Tomori,23,Centre-Back,Chelsea FC,AC Milan,€45.00m
385684,Davide Zappacosta,29,Right-Back,Chelsea FC,Atalanta BC,€7.00m
385685,Victor Moses,30,Right Midfield,Chelsea FC,Spartak Moscow,€3.00m
385686,Tiemoué Bakayoko,27,Defensive Midfield,Chelsea FC,AC Milan,€2.50m
385687,Olivier Giroud,34,Centre-Forward,Chelsea FC,AC Milan,€4.00m
385688,Kenedy,25,Left Winger,Chelsea FC,Flamengo,€3.00m
385689,Emerson,27,Left-Back,Chelsea FC,Olympique Lyon,€12.00m
385690,Michy Batshuayi,27,Centre-Forward,Chelsea FC,Besiktas,€10.00m
385691,Marco van Ginkel,28,Central Midfield,Chelsea FC,PSV Eindhoven,€1.40m
385692,Danilo Pantic,24,Attacking Midfield,Chelsea FC,Partizan,€800k
385693,Izzy Brown,24,Second Striker,Chelsea FC,Preston,€600k
385694,Lewis Baker,26,Central Midfield,Chelsea FC,Stoke City,€3.00m
385695,Billy Gilmour,20,Central Midfield,Chelsea FC,Norwich,€9.00m
385696,Ethan Ampadu,20,Centre-Back,Chelsea FC,Venezia,€9.00m
385697,Danny Drinkwater,31,Central Midfield,Chelsea FC,Reading,€400k
385698,Abdul-Rahman Baba,27,Left-Back,Chelsea FC,Reading,€1.80m
385699,Matt Miazga,26,Centre-Back,Chelsea FC,Alavés,€2.00m
385700,Jake Clarke-Salter,23,Centre-Back,Chelsea FC,Coventry,€2.50m
385701,Marc Guéhi,21,Centre-Back,Chelsea U23,Crystal Palace,€35.00m
385702,Joachim Andersen,25,Centre-Back,Olympique Lyon,Crystal Palace,€32.00m
385703,Odsonne Edouard,23,Centre-Forward,Celtic,Crystal Palace,€17.00m
385704,Jean-Philippe Mateta,24,Centre-Forward,1.FSV Mainz 05,Crystal Palace,€9.00m
385705,Michael Olise,19,Right Winger,Reading,Crystal Palace,€27.00m
385706,Will Hughes,26,Central Midfield,Watford,Crystal Palace,€5.00m
385707,Luke Plange,19,Centre-Forward,Derby,Crystal Palace,€600k
385708,Remi Matthews,27,Goalkeeper,Sunderland,Crystal Palace,€350k
385709,Jacob Montes,22,Attacking Midfield,Georgetown,Crystal Palace,€150k
385710,Conor Gallagher,21,Central Midfield,Chelsea U23,Crystal Palace,€32.00m
385711,Luke Plange,19,Centre-Forward,Derby,Crystal Palace,€600k
385712,Jaroslaw Jach,27,Centre-Back,Rakow,Crystal Palace,€400k
385713,Jacob Montes,23,Attacking Midfield,Waasl.-Beveren,Crystal Palace,€150k
385714,Wayne Hennessey,34,Goalkeeper,Crystal Palace,Burnley,€500k
385715,Harry Freedman,20,Centre-Forward,Crystal Palace,Macclesfield,-
385716,James McCarthy,30,Central Midfield,Crystal Palace,Celtic,€1.20m
385717,Mamadou Sakho,31,Centre-Back,Crystal Palace,Montpellier,€3.50m
385718,Patrick van Aanholt,30,Left-Back,Crystal Palace,Galatasaray,€3.20m
385719,Andros Townsend,30,Right Winger,Crystal Palace,Everton,€2.50m
385720,Scott Dann,34,Centre-Back,Crystal Palace,Reading,€250k
385721,Gary Cahill,35,Centre-Back,Crystal Palace,Bournemouth,-
385722,Luke Plange,19,Centre-Forward,Crystal Palace,Derby,€600k
385723,Jacob Montes,22,Attacking Midfield,Crystal Palace,Waasl.-Beveren,€150k
385724,Jacob Montes,23,Attacking Midfield,Crystal Palace,RWDM,€150k
385725,Conor Gallagher,22,Central Midfield,Crystal Palace,Chelsea U23,€32.00m
385726,Jean-Philippe Mateta,24,Centre-Forward,Crystal Palace,1.FSV Mainz 05,€9.00m
385727,Vitaliy Mykolenko,22,Left-Back,Dynamo Kyiv,Everton FC,€22.00m
385728,Nathan Patterson,20,Right-Back,Rangers,Everton FC,€14.00m
385729,Demarai Gray,25,Left Winger,B. Leverkusen,Everton FC,€20.00m
385730,Andros Townsend,30,Right Winger,Crystal Palace,Everton FC,€2.50m
385731,Salomón Rondón,31,Centre-Forward,DL Pro,Everton FC,€2.00m
385732,Asmir Begovic,34,Goalkeeper,Bournemouth,Everton FC,€1.00m
385733,Andy Lonergan,37,Goalkeeper,West Brom,Everton FC,€200k
385734,Dele Alli,25,Attacking Midfield,Tottenham,Everton FC,€11.00m
385735,Billy Crellin,21,Goalkeeper,Fleetwood,Everton FC,-
385736,Anwar El Ghazi,26,Right Winger,Aston Villa,Everton FC,€8.00m
385737,Donny van de Beek,24,Central Midfield,Man Utd,Everton FC,€17.00m
385738,Jonjoe Kenny,24,Right-Back,Celtic,Everton FC,€4.00m
385739,Cenk Tosun,30,Centre-Forward,Besiktas,Everton FC,€2.80m
385740,Moise Kean,21,Centre-Forward,Paris SG,Everton FC,€20.00m
385741,Lucas Digne,28,Left-Back,Everton FC,Aston Villa,€17.00m
385742,James Rodríguez,30,Attacking Midfield,Everton FC,Al-Rayyan SC,€9.00m
385743,Moise Kean,21,Centre-Forward,Everton FC,Juventus,€20.00m
385744,Bernard,28,Attacking Midfield,Everton FC,Sharjah FC,€3.50m
385745,Beni Baningime,22,Central Midfield,Everton FC,Heart of Midl.,€850k
385746,Joshua King,29,Centre-Forward,Everton FC,Watford,€6.00m
385747,Yannick Bolasie,32,Left Winger,Everton FC,C. Rizespor,€275k
385748,Matthew Pennington,26,Centre-Back,Everton FC,Shrewsbury,€600k
385749,Theo Walcott,32,Right Winger,Everton FC,Southampton,€1.80m
385750,Jean-Philippe Gbamin,26,Defensive Midfield,Everton FC,CSKA Moscow,€6.50m
385751,Niels Nkounkou,20,Left-Back,Everton FC,Standard Liège,€2.50m
385752,João Virgínia,21,Goalkeeper,Everton FC,Sporting CP,€700k
385753,Donny van de Beek,25,Central Midfield,Everton FC,Man Utd,€17.00m
385754,Robin Olsen,31,Goalkeeper,Everton FC,AS Roma,€2.00m
385755,Daniel James,23,Right Winger,Man Utd,Leeds United,€13.00m
385756,Junior Firpo,24,Left-Back,Barcelona,Leeds United,€12.00m
385757,Jack Harrison,24,Left Winger,Man City,Leeds United,€22.00m
385758,Kristoffer Klaesson,20,Goalkeeper,Vålerenga,Leeds United,€2.00m
385759,Cody Drameh,19,Right-Back,Leeds U21,Leeds United,€3.00m
385760,Charlie Cresswell,18,Centre-Back,Leeds U21,Leeds United,€5.00m
385761,Sam Greenwood,19,Attacking Midfield,Leeds U21,Leeds United,€4.00m
385762,Crysencio Summerville,19,Right Winger,Leeds U21,Leeds United,€12.00m
385763,Cody Drameh,20,Right-Back,Cardiff,Leeds United,€3.00m
385764,Ian Poveda,22,Right Winger,Blackburn,Leeds United,€1.00m
385765,Leif Davis,22,Left-Back,Bournemouth,Leeds United,€800k
385766,Mateusz Bogusz,19,Attacking Midfield,UD Logroñés,Leeds United,€1.00m
385767,Barry Douglas,31,Left-Back,Leeds United,Lech Poznan,€400k
385768,Ezgjan Alioski,29,Left-Back,Leeds United,Al-Ahli SFC,€4.80m
385769,Robbie Gotts,21,Central Midfield,Leeds United,Barrow,€250k
385770,Ouasim Bouy,28,Defensive Midfield,Leeds United,Al-Kharaitiyat,-
385771,Pablo Hernández,36,Attacking Midfield,Leeds United,Castellón,€100k
385772,Jordan Stevens,21,Attacking Midfield,Leeds United,Barrow,-
385773,Leif Davis,21,Left-Back,Leeds United,Bournemouth,€800k
385774,Cody Drameh,20,Right-Back,Leeds United,Cardiff,€3.00m
385775,Hélder Costa,27,Right Winger,Leeds United,Valencia,€3.50m
385776,Ian Poveda,21,Right Winger,Leeds United,Blackburn,€1.00m
385777,Kiko Casilla,34,Goalkeeper,Leeds United,Elche CF,€400k
385778,Mateusz Bogusz,19,Attacking Midfield,Leeds United,UD Ibiza,€1.00m
385779,Patson Daka,22,Centre-Forward,RB Salzburg,Leicester City,€20.00m
385780,Boubakary Soumaré,22,Defensive Midfield,LOSC Lille,Leicester City,€20.00m
385781,Jannik Vestergaard,29,Centre-Back,Southampton,Leicester City,€5.00m
385782,Ryan Bertrand,31,Left-Back,Southampton,Leicester City,€1.00m
385783,Ademola Lookman,23,Second Striker,RB Leipzig,Leicester City,€30.00m
385784,Kiernan Dewsbury-Hall,22,Central Midfield,Leicester U21,Leicester City,€25.00m
385785,George Hirst,23,Centre-Forward,Portsmouth,Leicester City,€800k
385786,Daniel Iversen,24,Goalkeeper,Preston,Leicester City,€2.00m
385787,Filip Benkovic,23,Centre-Back,OH Leuven,Leicester City,€1.70m
385788,Sam Hughes,24,Centre-Back,Burton Albion,Leicester City,€300k
385789,Rachid Ghezzal,29,Right Winger,Besiktas,Leicester City,€6.50m
385790,Rachid Ghezzal,29,Right Winger,Leicester City,Besiktas,€6.50m
385791,Dennis Praet,27,Central Midfield,Leicester City,Torino,€8.00m
385792,Filip Benkovic,24,Centre-Back,Leicester City,Udinese Calcio,€1.70m
385793,Christian Fuchs,35,Left-Back,Leicester City,Charlotte Ind.,-
385794,Matty James,29,Central Midfield,Leicester City,Bristol City,€900k
385795,Sam Hughes,24,Centre-Back,Leicester City,Burton Albion,€300k
385796,Sam Hughes,24,Centre-Back,Leicester City,Burton Albion,€300k
385797,Daniel Iversen,24,Goalkeeper,Leicester City,Preston,€2.00m
385798,George Hirst,22,Centre-Forward,Leicester City,Portsmouth,€800k
385799,Cengiz Ünder,23,Right Winger,Leicester City,AS Roma,€17.00m
385800,Luis Díaz,25,Left Winger,FC Porto,Liverpool FC,€75.00m
385801,Ibrahima Konaté,22,Centre-Back,RB Leipzig,Liverpool FC,€35.00m
385802,Harvey Elliott,18,Attacking Midfield,Liverpool U23,Liverpool FC,€35.00m
385803,Nathaniel Phillips,25,Centre-Back,Bournemouth,Liverpool FC,€6.00m
385804,Sheyi Ojo,24,Right Winger,Millwall,Liverpool FC,€1.80m
385805,Neco Williams,21,Right-Back,Fulham,Liverpool FC,€18.00m
385806,Ben Davies,26,Centre-Back,Sheff Utd,Liverpool FC,€3.50m
385807,Rhys Williams,20,Centre-Back,Swansea,Liverpool FC,€3.00m
385808,Ben Woodburn,22,Attacking Midfield,Heart of Midl.,Liverpool FC,€1.00m
385809,Taiwo Awoniyi,23,Centre-Forward,Union Berlin,Liverpool FC,€20.00m
385810,Takumi Minamino,26,Left Winger,Southampton,Liverpool FC,€8.00m
385811,Sepp van den Berg,20,Centre-Back,Preston,Liverpool FC,€5.00m
385812,Marko Grujić,25,Defensive Midfield,FC Porto,Liverpool FC,€9.00m
385813,Loris Karius,28,Goalkeeper,Union Berlin,Liverpool FC,€1.50m
385814,Harry Wilson,24,Right Winger,Liverpool FC,Fulham,€13.00m
385815,Taiwo Awoniyi,23,Centre-Forward,Liverpool FC,Union Berlin,€20.00m
385816,Xherdan Shaqiri,29,Attacking Midfield,Liverpool FC,Olympique Lyon,€4.00m
385817,Marko Grujić,25,Defensive Midfield,Liverpool FC,FC Porto,€9.00m
385818,Georginio Wijnaldum,30,Central Midfield,Liverpool FC,Paris SG,€12.00m
385819,Rhys Williams,20,Centre-Back,Liverpool FC,Swansea,€3.00m
385820,Ben Woodburn,21,Attacking Midfield,Liverpool FC,Heart of Midl.,€1.00m
385821,Ben Davies,26,Centre-Back,Liverpool FC,Sheff Utd,€3.50m
385822,Nathaniel Phillips,24,Centre-Back,Liverpool FC,Bournemouth,€6.00m
385823,Neco Williams,20,Right-Back,Liverpool FC,Fulham,€18.00m
385824,Sheyi Ojo,24,Right Winger,Liverpool FC,Millwall,€1.80m
385825,Ozan Kabak,21,Centre-Back,Liverpool FC,FC Schalke 04,€10.00m
385826,Jack Grealish,25,Left Winger,Aston Villa,Manchester City,€70.00m
385827,Julián Álvarez,22,Centre-Forward,River Plate,Manchester City,€50.00m
385828,Scott Carson,35,Goalkeeper,Derby,Manchester City,€250k
385829,Cole Palmer,19,Attacking Midfield,Man City U23,Manchester City,€15.00m
385830,Ko Itakura,24,Centre-Back,FC Groningen,Manchester City,€12.00m
385831,Erik Palmer-Brown,24,Centre-Back,Austria Vienna,Manchester City,€3.00m
385832,Issa Kaboré,20,Right-Back,KV Mechelen,Manchester City,€5.00m
385833,Lukas Nmecha,22,Centre-Forward,RSC Anderlecht,Manchester City,€14.00m
385834,Yangel Herrera,23,Central Midfield,Granada CF,Manchester City,€9.00m
385835,Ryotaro Meshino,23,Left Winger,Rio Ave FC,Manchester City,€350k
385836,Angeliño,24,Left-Back,RB Leipzig,Manchester City,€14.00m
385837,Yan Couto,19,Right-Back,Girona,Manchester City,€4.00m
385838,Philippe Sandler,24,Centre-Back,Troyes,Manchester City,€2.00m
385839,Marlos Moreno,24,Right Winger,Lommel SK,Manchester City,€800k
385840,Patrick Roberts,24,Right Winger,Troyes,Manchester City,€2.50m
385841,Luka Ilic,22,Attacking Midfield,Twente FC,Manchester City,€1.50m
385842,Daniel Arzani,22,Left Winger,Aarhus GF,Manchester City,€500k
385843,Erik Palmer-Brown,24,Centre-Back,Troyes,Manchester City,€3.00m
385844,Arijanet Muric,22,Goalkeeper,Willem II,Manchester City,€6.00m
385845,Ferran Torres,21,Left Winger,Manchester City,Barcelona,€30.00m
385846,Angeliño,24,Left-Back,Manchester City,RB Leipzig,€14.00m
385847,Jack Harrison,24,Left Winger,Manchester City,Leeds,€22.00m
385848,Lukas Nmecha,22,Centre-Forward,Manchester City,VfL Wolfsburg,€14.00m
385849,Erik Palmer-Brown,24,Centre-Back,Manchester City,Troyes,€3.00m
385850,Eric García,20,Centre-Back,Manchester City,Barcelona,€12.00m
385851,Sergio Agüero,33,Centre-Forward,Manchester City,Barcelona,-
385852,Patrick Roberts,24,Right Winger,Manchester City,Sunderland,€2.50m
385853,Philippe Sandler,24,Centre-Back,Manchester City,Feyenoord,€2.00m
385854,Patrick Roberts,24,Right Winger,Manchester City,Troyes,€2.50m
385855,Philippe Sandler,24,Centre-Back,Manchester City,Troyes,€2.00m
385856,Julián Álvarez,22,Centre-Forward,Manchester City,River Plate,€50.00m
385857,Arijanet Muric,22,Goalkeeper,Manchester City,Adana Demirspor,€6.00m
385858,Luka Ilic,22,Attacking Midfield,Manchester City,Troyes,€1.50m
385859,Yangel Herrera,23,Central Midfield,Manchester City,Espanyol,€9.00m
385860,Erik Palmer-Brown,24,Centre-Back,Manchester City,Troyes,€3.00m
385861,Yan Couto,19,Right-Back,Manchester City,SC Braga,€4.00m
385862,Ko Itakura,24,Centre-Back,Manchester City,FC Schalke 04,€12.00m
385863,Daniel Arzani,22,Left Winger,Manchester City,Lommel SK,€500k
385864,Ryotaro Meshino,23,Left Winger,Manchester City,Estoril Praia,€350k
385865,Marlos Moreno,24,Right Winger,Manchester City,KV Kortrijk,€800k
385866,Issa Kaboré,20,Right-Back,Manchester City,Troyes,€5.00m
385867,Jadon Sancho,21,Left Winger,Bor. Dortmund,Manchester United,€55.00m
385868,Raphaël Varane,28,Centre-Back,Real Madrid,Manchester United,€40.00m
385869,Cristiano Ronaldo,36,Centre-Forward,Juventus,Manchester United,€20.00m
385870,Tom Heaton,35,Goalkeeper,Aston Villa,Manchester United,€600k
385871,Anthony Elanga,19,Left Winger,Man Utd U23,Manchester United,€25.00m
385872,Shola Shoretire,17,Right Winger,Man Utd U23,Manchester United,€4.00m
385873,Brandon Williams,21,Left-Back,Norwich,Manchester United,€10.00m
385874,Axel Tuanzebe,24,Centre-Back,Aston Villa,Manchester United,€6.00m
385875,Teden Mengi,20,Centre-Back,Birmingham,Manchester United,€2.00m
385876,Tahith Chong,22,Right Winger,Birmingham,Manchester United,€3.00m
385877,Facundo Pellistri,19,Right Winger,Alavés,Manchester United,€3.00m
385878,Tahith Chong,21,Right Winger,Club Brugge,Manchester United,€3.00m
385879,Amad Diallo,19,Right Winger,Rangers,Manchester United,€13.00m
385880,Diogo Dalot,22,Right-Back,AC Milan,Manchester United,€35.00m
385881,Donny van de Beek,25,Central Midfield,Everton,Manchester United,€17.00m
385882,Andreas Pereira,25,Attacking Midfield,Lazio,Manchester United,€16.00m
385883,Daniel James,23,Right Winger,Manchester United,Leeds,€13.00m
385884,Andreas Pereira,25,Attacking Midfield,Manchester United,Flamengo,€16.00m
385885,Axel Tuanzebe,24,Centre-Back,Manchester United,SSC Napoli,€6.00m
385886,Joel Pereira,25,Goalkeeper,Manchester United,RKC Waalwijk,€300k
385887,Anthony Martial,26,Centre-Forward,Manchester United,Sevilla FC,€15.00m
385888,Tahith Chong,21,Right Winger,Manchester United,Birmingham,€3.00m
385889,Facundo Pellistri,19,Right Winger,Manchester United,Alavés,€3.00m
385890,Axel Tuanzebe,23,Centre-Back,Manchester United,Aston Villa,€6.00m
385891,Teden Mengi,19,Centre-Back,Manchester United,Birmingham,€2.00m
385892,Amad Diallo,19,Right Winger,Manchester United,Rangers,€13.00m
385893,Brandon Williams,20,Left-Back,Manchester United,Norwich,€10.00m
385894,Donny van de Beek,24,Central Midfield,Manchester United,Everton,€17.00m
385895,Bruno Guimarães,24,Defensive Midfield,Olympique Lyon,Newcastle United,€60.00m
385896,Chris Wood,30,Centre-Forward,Burnley,Newcastle United,€10.00m
385897,Joe Willock,21,Central Midfield,Arsenal,Newcastle United,€30.00m
385898,Dan Burn,29,Centre-Back,Brighton,Newcastle United,€12.00m
385899,Kieran Trippier,31,Right-Back,Atlético Madrid,Newcastle United,€13.00m
385900,Matt Targett,26,Left-Back,Aston Villa,Newcastle United,€15.00m
385901,Matty Longstaff,22,Central Midfield,Mansfield Town,Newcastle United,€1.50m
385902,Jeff Hendrick,30,Central Midfield,QPR,Newcastle United,€2.50m
385903,Florian Lejeune,30,Centre-Back,Alavés,Newcastle United,€4.00m
385904,Freddie Woodman,25,Goalkeeper,Bournemouth,Newcastle United,€6.00m
385905,Rodrigo Vilca,22,Attacking Midfield,Doncaster,Newcastle United,€350k
385906,Matty Longstaff,21,Central Midfield,Aberdeen FC,Newcastle United,€1.50m
385907,Yoshinori Muto,28,Centre-Forward,SD Eibar,Newcastle United,€1.80m
385908,Christian Atsu,29,Left Winger,Newcastle United,Al-Raed,-
385909,Yoshinori Muto,29,Centre-Forward,Newcastle United,Vissel Kobe,€1.80m
385910,Rodrigo Vilca,22,Attacking Midfield,Newcastle United,Doncaster,€350k
385911,Florian Lejeune,30,Centre-Back,Newcastle United,Alavés,€4.00m
385912,Jeff Hendrick,30,Central Midfield,Newcastle United,QPR,€2.50m
385913,Freddie Woodman,24,Goalkeeper,Newcastle United,Bournemouth,€6.00m
385914,Matty Longstaff,21,Central Midfield,Newcastle United,Aberdeen FC,€1.50m
385915,Matty Longstaff,21,Central Midfield,Newcastle United,Mansfield Town,€1.50m
385916,Matt Targett,26,Left-Back,Newcastle United,Aston Villa,€15.00m
385917,Christos Tzolis,19,Left Winger,PAOK Salonika,Norwich City,€7.00m
385918,Milot Rashica,25,Right Winger,Werder Bremen,Norwich City,€7.50m
385919,Josh Sargent,21,Centre-Forward,Werder Bremen,Norwich City,€12.00m
385920,Ben Gibson,28,Centre-Back,Burnley,Norwich City,€2.50m
385921,Dimitrios Giannoulis,25,Left-Back,PAOK Salonika,Norwich City,€4.00m
385922,Angus Gunn,25,Goalkeeper,Southampton,Norwich City,€3.00m
385923,Pierre Lees-Melou,28,Defensive Midfield,OGC Nice,Norwich City,€4.00m
385924,Ozan Kabak,21,Centre-Back,FC Schalke 04,Norwich City,€10.00m
385925,Mathias Normann,25,Defensive Midfield,Rostov,Norwich City,€7.50m
385926,Brandon Williams,20,Left-Back,Man Utd,Norwich City,€10.00m
385927,Billy Gilmour,20,Central Midfield,Chelsea,Norwich City,€9.00m
385928,Jonathan Rowe,18,Attacking Midfield,Norwich U21,Norwich City,€500k
385929,Rocky Bushiri,21,Centre-Back,KAS Eupen,Norwich City,€400k
385930,Philip Heise,30,Left-Back,Karlsruher SC,Norwich City,€700k
385931,Todd Cantwell,24,Left Midfield,Bournemouth,Norwich City,€8.00m
385932,Jordan Hugill,29,Centre-Forward,Cardiff,Norwich City,€900k
385933,Daniel Adshead,19,Central Midfield,Telstar,Norwich City,€250k
385934,Danel Sinani,24,Attacking Midfield,Waasl.-Beveren,Norwich City,€1.50m
385935,Josh Martin,20,Left Winger,Doncaster,Norwich City,€800k
385936,Timm Klose,33,Centre-Back,FC Basel,Norwich City,€300k
385937,Onel Hernández,28,Left Winger,Middlesbrough,Norwich City,€1.20m
385938,Rocky Bushiri,22,Centre-Back,Hibernian FC,Norwich City,€400k
385939,Bali Mumba,20,Right-Back,Peterborough,Norwich City,€400k
385940,Josh Martin,20,Left Winger,MK Dons,Norwich City,€800k
385941,Aston Oxborough,24,Goalkeeper,Barnet,Norwich City,€150k
385942,Daniel Barden,21,Goalkeeper,Livingston FC,Norwich City,€250k
385943,Sebastian Soto,21,Centre-Forward,FC Porto B,Norwich City,€350k
385944,Akin Famewo,23,Centre-Back,Charlton,Norwich City,€250k
385945,Sam McCallum,21,Left-Back,QPR,Norwich City,€3.00m
385946,Danel Sinani,25,Attacking Midfield,Huddersfield,Norwich City,€1.50m
385947,Daniel Adshead,20,Central Midfield,Gillingham FC,Norwich City,€250k
385948,Jordan Hugill,29,Centre-Forward,West Brom,Norwich City,€900k
385949,Emiliano Buendía,24,Right Winger,Norwich City,Aston Villa,€28.00m
385950,Mario Vrancic,32,Central Midfield,Norwich City,Stoke City,€300k
385951,Marco Stiepermann,30,Attacking Midfield,Norwich City,SC Paderborn,€250k
385952,Örjan Nyland,30,Goalkeeper,Norwich City,Bournemouth,€600k
385953,Philip Heise,30,Left-Back,Norwich City,Karlsruher SC,€700k
385954,Tom Trybull,28,Defensive Midfield,Norwich City,Hannover 96,€800k
385955,Moritz Leitner,28,Central Midfield,Norwich City,FC Zürich,€200k
385956,Louis Thompson,26,Central Midfield,Norwich City,Portsmouth,€200k
385957,Bali Mumba,20,Right-Back,Norwich City,Peterborough,€400k
385958,Daniel Barden,20,Goalkeeper,Norwich City,Livingston FC,€250k
385959,Sam McCallum,20,Left-Back,Norwich City,QPR,€3.00m
385960,Onel Hernández,28,Left Winger,Norwich City,Middlesbrough,€1.20m
385961,Danel Sinani,24,Attacking Midfield,Norwich City,Huddersfield,€1.50m
385962,Daniel Adshead,19,Central Midfield,Norwich City,Gillingham FC,€250k
385963,Jordan Hugill,29,Centre-Forward,Norwich City,West Brom,€900k
385964,Akin Famewo,22,Centre-Back,Norwich City,Charlton,€250k
385965,Sebastian Soto,20,Centre-Forward,Norwich City,FC Porto B,€350k
385966,Aston Oxborough,23,Goalkeeper,Norwich City,Barnet,€150k
385967,Josh Martin,19,Left Winger,Norwich City,MK Dons,€800k
385968,Rocky Bushiri,22,Centre-Back,Norwich City,Hibernian FC,€400k
385969,Onel Hernández,28,Left Winger,Norwich City,Birmingham,€1.20m
385970,Josh Martin,20,Left Winger,Norwich City,Doncaster,€800k
385971,Sebastian Soto,21,Centre-Forward,Norwich City,Livingston FC,€350k
385972,Jordan Hugill,29,Centre-Forward,Norwich City,Cardiff,€900k
385973,Todd Cantwell,23,Left Midfield,Norwich City,Bournemouth,€8.00m
385974,Xavi Quintillà,24,Left-Back,Norwich City,Villarreal,€1.00m
385975,Dimitrios Giannoulis,25,Left-Back,Norwich City,PAOK Salonika,€4.00m
385976,Brandon Williams,21,Left-Back,Norwich City,Man Utd,€10.00m
385977,Billy Gilmour,20,Central Midfield,Norwich City,Chelsea,€9.00m
385978,Adam Armstrong,24,Centre-Forward,Blackburn,Southampton FC,€12.00m
385979,Romain Perraud,23,Left-Back,Stade Brestois,Southampton FC,€12.00m
385980,Lyanco,24,Centre-Back,Torino,Southampton FC,€4.00m
385981,Tino Livramento,18,Right-Back,Chelsea U23,Southampton FC,€25.00m
385982,Theo Walcott,32,Right Winger,Everton,Southampton FC,€1.80m
385983,Armando Broja,19,Centre-Forward,Chelsea U23,Southampton FC,€30.00m
385984,Dan N'Lundulu,23,Centre-Forward,Cheltenham,Southampton FC,€1.20m
385985,Wesley Hoedt,27,Centre-Back,Lazio,Southampton FC,€2.00m
385986,Dan N'Lundulu,22,Centre-Forward,Lincoln City,Southampton FC,€1.20m
385987,Mohamed Elyounoussi,26,Left Winger,Celtic,Southampton FC,€12.00m
385988,Danny Ings,29,Centre-Forward,Southampton FC,Aston Villa,€16.00m
385989,Jannik Vestergaard,29,Centre-Back,Southampton FC,Leicester,€5.00m
385990,Angus Gunn,25,Goalkeeper,Southampton FC,Norwich,€3.00m
385991,Mario Lemina,27,Defensive Midfield,Southampton FC,OGC Nice,€10.00m
385992,Michael Obafemi,21,Centre-Forward,Southampton FC,Swansea,€4.00m
385993,Jake Hesketh,25,Attacking Midfield,Southampton FC,Eastleigh,-
385994,Wesley Hoedt,27,Centre-Back,Southampton FC,RSC Anderlecht,€2.00m
385995,Ryan Bertrand,31,Left-Back,Southampton FC,Leicester,€1.00m
385996,Dan N'Lundulu,22,Centre-Forward,Southampton FC,Cheltenham,€1.20m
385997,Dan N'Lundulu,22,Centre-Forward,Southampton FC,Lincoln City,€1.20m
385998,Takumi Minamino,26,Left Winger,Southampton FC,Liverpool,€8.00m
385999,Armando Broja,20,Centre-Forward,Southampton FC,Chelsea U23,€30.00m
386000,Emerson Royal,22,Right-Back,Barcelona,Tottenham Hotspur,€25.00m
386001,Bryan Gil,20,Left Winger,Sevilla FC,Tottenham Hotspur,€12.00m
386002,Rodrigo Bentancur,24,Central Midfield,Juventus,Tottenham Hotspur,€40.00m
386003,Pape Matar Sarr,18,Central Midfield,FC Metz,Tottenham Hotspur,€15.00m
386004,Dejan Kulusevski,21,Right Winger,Juventus,Tottenham Hotspur,€55.00m
386005,Cristian Romero,23,Centre-Back,Atalanta BC,Tottenham Hotspur,€60.00m
386006,Pierluigi Gollini,26,Goalkeeper,Atalanta BC,Tottenham Hotspur,€5.00m
386007,Cameron Carter-Vickers,24,Centre-Back,Celtic,Tottenham Hotspur,€11.00m
386008,Brandon Austin,22,Goalkeeper,Tottenham U23,Tottenham Hotspur,€300k
386009,Jack Clarke,21,Left Winger,Sunderland,Tottenham Hotspur,€8.00m
386010,Alfie Whiteman,23,Goalkeeper,Degerfors,Tottenham Hotspur,€500k
386011,Paulo Gazzaniga,29,Goalkeeper,Elche CF,Tottenham Hotspur,€2.50m
386012,Ryan Sessegnon,21,Left Midfield,TSG Hoffenheim,Tottenham Hotspur,€22.00m
386013,Juan Foyth,23,Right-Back,Villarreal,Tottenham Hotspur,€25.00m
386014,Juan Foyth,23,Right-Back,Tottenham Hotspur,Villarreal,€25.00m
386015,Toby Alderweireld,32,Centre-Back,Tottenham Hotspur,Al-Duhail SC,€4.00m
386016,Moussa Sissoko,32,Central Midfield,Tottenham Hotspur,Watford,€3.50m
386017,Tanguy Ndombélé,25,Central Midfield,Tottenham Hotspur,Olympique Lyon,€25.00m
386018,Joe Hart,34,Goalkeeper,Tottenham Hotspur,Celtic,€1.70m
386019,Bryan Gil,20,Left Winger,Tottenham Hotspur,Valencia,€12.00m
386020,Dele Alli,25,Attacking Midfield,Tottenham Hotspur,Everton,€11.00m
386021,Erik Lamela,29,Right Winger,Tottenham Hotspur,Sevilla FC,€10.00m
386022,Paulo Gazzaniga,29,Goalkeeper,Tottenham Hotspur,Fulham,€2.50m
386023,Danny Rose,30,Left-Back,Tottenham Hotspur,Watford,€1.00m
386024,Pape Matar Sarr,18,Central Midfield,Tottenham Hotspur,FC Metz,€15.00m
386025,Jack Clarke,21,Left Winger,Tottenham Hotspur,Sunderland,€8.00m
386026,Giovani Lo Celso,25,Central Midfield,Tottenham Hotspur,Villarreal,€18.00m
386027,Alfie Whiteman,23,Goalkeeper,Tottenham Hotspur,Degerfors,€500k
386028,Alfie Whiteman,22,Goalkeeper,Tottenham Hotspur,Degerfors,€500k
386029,Cameron Carter-Vickers,23,Centre-Back,Tottenham Hotspur,Celtic,€11.00m
386030,Carlos Vinícius,26,Centre-Forward,Tottenham Hotspur,Benfica,€5.00m
386031,Gareth Bale,31,Right Winger,Tottenham Hotspur,Real Madrid,-
386032,Imrân Louza,22,Central Midfield,FC Nantes,Watford FC,€9.00m
386033,Maduka Okoye,22,Goalkeeper,Sparta R.,Watford FC,€2.50m
386034,Samir Caetano,27,Centre-Back,Udinese Calcio,Watford FC,€7.00m
386035,Edo Kayembe,23,Defensive Midfield,KAS Eupen,Watford FC,€5.00m
386036,Emmanuel Dennis,23,Centre-Forward,Club Brugge,Watford FC,€10.00m
386037,Hassane Kamara,27,Left-Back,OGC Nice,Watford FC,€8.00m
386038,Moussa Sissoko,32,Central Midfield,Tottenham,Watford FC,€3.50m
386039,Yaser Asprilla,18,Attacking Midfield,Envigado,Watford FC,€3.00m
386040,Samuel Kalu,24,Right Winger,G. Bordeaux,Watford FC,€3.00m
386041,Ozan Tufan,26,Central Midfield,Fenerbahce,Watford FC,€3.20m
386042,Mattie Pollock,19,Centre-Back,Grimsby Town,Watford FC,€300k
386043,Joshua King,29,Centre-Forward,Everton,Watford FC,€6.00m
386044,Kwadwo Baah,18,Left Winger,Rochdale,Watford FC,€400k
386045,Ashley Fletcher,25,Centre-Forward,Middlesbrough,Watford FC,€800k
386046,Danny Rose,30,Left-Back,Tottenham,Watford FC,€1.00m
386047,Peter Etebo,25,Central Midfield,Stoke City,Watford FC,€1.50m
386048,Juraj Kucka,34,Central Midfield,Parma,Watford FC,€1.50m
386049,Kwasi Sibo,23,Central Midfield,UD Ibiza,Watford FC,€200k
386050,Domingos Quina,21,Central Midfield,Granada CF,Watford FC,€1.80m
386051,Jerome Sinclair,24,Centre-Forward,CSKA-Sofia,Watford FC,-
386052,Pontus Dahlberg,23,Goalkeeper,Gillingham FC,Watford FC,€1.00m
386053,Jorge Segura,24,Centre-Back,Atl. Nacional,Watford FC,€250k
386054,Domingos Quina,22,Central Midfield,Barnsley FC,Watford FC,€1.80m
386055,Cucho Hernández,22,Centre-Forward,Getafe,Watford FC,€10.00m
386056,Pontus Dahlberg,22,Goalkeeper,Doncaster,Watford FC,€1.00m
386057,Domingos Quina,22,Central Midfield,Fulham,Watford FC,€1.80m
386058,Andre Gray,30,Centre-Forward,QPR,Watford FC,€2.00m
386059,Philip Zinckernagel,27,Right Winger,Nottm Forest,Watford FC,€3.50m
386060,Tom Dele-Bashiru,22,Central Midfield,Reading,Watford FC,€2.00m
386061,Mattie Pollock,20,Centre-Back,Cheltenham,Watford FC,€300k
386062,Will Hughes,26,Central Midfield,Watford FC,Crystal Palace,€5.00m
386063,Craig Dawson,31,Centre-Back,Watford FC,West Ham,€2.50m
386064,Isaac Success,25,Centre-Forward,Watford FC,Udinese Calcio,€4.00m
386065,Ben Wilmot,21,Centre-Back,Watford FC,Stoke City,€6.00m
386066,Henry Ochieng,22,Central Midfield,Watford FC,Hemel,-
386067,Troy Deeney,33,Centre-Forward,Watford FC,Birmingham,€600k
386068,Kwasi Sibo,23,Central Midfield,Watford FC,Betis Deportivo,€200k
386069,Filip Stuparevic,20,Centre-Forward,Watford FC,Metalac,-
386070,Nathaniel Chalobah,26,Defensive Midfield,Watford FC,Fulham,€2.50m
386071,Achraf Lazaar,29,Left-Back,Watford FC,Portimonense,€300k
386072,Pontus Dahlberg,22,Goalkeeper,Watford FC,Doncaster,€1.00m
386073,Maduka Okoye,22,Goalkeeper,Watford FC,Sparta R.,€2.50m
386074,Domingos Quina,21,Central Midfield,Watford FC,Fulham,€1.80m
386075,Pontus Dahlberg,22,Goalkeeper,Watford FC,Gillingham FC,€1.00m
386076,Stipe Perica,26,Centre-Forward,Watford FC,M. Tel Aviv,€1.50m
386077,Andre Gray,30,Centre-Forward,Watford FC,QPR,€2.00m
386078,Ashley Fletcher,26,Centre-Forward,Watford FC,New York RB,€800k
386079,Mattie Pollock,19,Centre-Back,Watford FC,Cheltenham,€300k
386080,Domingos Quina,22,Central Midfield,Watford FC,Barnsley FC,€1.80m
386081,Yaser Asprilla,18,Attacking Midfield,Watford FC,Envigado,€3.00m
386082,Tom Dele-Bashiru,21,Central Midfield,Watford FC,Reading,€2.00m
386083,Jorge Segura,24,Centre-Back,Watford FC,CD América,€250k
386084,Philip Zinckernagel,26,Right Winger,Watford FC,Nottm Forest,€3.50m
386085,Adalberto Peñaranda,24,Left Winger,Watford FC,UD Las Palmas,€600k
386086,Ozan Tufan,26,Central Midfield,Watford FC,Fenerbahce,€3.20m
386087,Peter Etebo,26,Central Midfield,Watford FC,Stoke City,€1.50m
386088,Kurt Zouma,26,Centre-Back,Chelsea,West Ham United,€28.00m
386089,Nikola Vlasic,23,Attacking Midfield,CSKA Moscow,West Ham United,€20.00m
386090,Alex Kral,23,Defensive Midfield,Spartak Moscow,West Ham United,€5.50m
386091,Craig Dawson,31,Centre-Back,Watford,West Ham United,€2.50m
386092,Alphonse Areola,28,Goalkeeper,Paris SG,West Ham United,€8.00m
386093,Frederik Alves,22,Centre-Back,Sunderland,West Ham United,€600k
386094,Conor Coventry,22,Defensive Midfield,MK Dons,West Ham United,€1.50m
386095,Conor Coventry,21,Defensive Midfield,Peterborough,West Ham United,€1.50m
386096,Felipe Anderson,28,Right Winger,FC Porto,West Ham United,€15.00m
386097,Xande Silva,24,Right Winger,Aris Saloniki,West Ham United,€600k
386098,Felipe Anderson,28,Right Winger,West Ham United,Lazio,€15.00m
386099,Frederik Alves,22,Centre-Back,West Ham United,Bröndby IF,€600k
386100,Xande Silva,24,Right Winger,West Ham United,Nottm Forest,€600k
386101,Fabián Balbuena,29,Centre-Back,West Ham United,Dynamo Moscow,€6.00m
386102,Frederik Alves,21,Centre-Back,West Ham United,Sunderland,€600k
386103,Conor Coventry,21,Defensive Midfield,West Ham United,Peterborough,€1.50m
386104,Conor Coventry,21,Defensive Midfield,West Ham United,MK Dons,€1.50m
386105,Rayan Aït-Nouri,20,Left-Back,Angers SCO,Wolverhampton Wanderers,€22.00m
386106,José Sá,28,Goalkeeper,Olympiacos,Wolverhampton Wanderers,€18.00m
386107,Trincão,21,Right Winger,Barcelona,Wolverhampton Wanderers,€15.00m
386108,Yerson Mosquera,20,Centre-Back,Atl. Nacional,Wolverhampton Wanderers,€3.00m
386109,Chiquinho,21,Left Winger,Estoril Praia,Wolverhampton Wanderers,€2.50m
386110,Bendegúz Bolla,21,Right-Back,Fehérvár,Wolverhampton Wanderers,€2.70m
386111,Sang-bin Jeong,19,Centre-Forward,Suwon Bluewings,Wolverhampton Wanderers,€2.00m
386112,Hayao Kawabe,26,Central Midfield,Grasshoppers,Wolverhampton Wanderers,€2.00m
386113,Louie Moulden,19,Goalkeeper,Man City U23,Wolverhampton Wanderers,€200k
386114,Hee-chan Hwang,25,Centre-Forward,RB Leipzig,Wolverhampton Wanderers,€12.00m
386115,Luke Cundle,19,Central Midfield,Wolves U21,Wolverhampton Wanderers,€1.00m
386116,Matija Sarkic,24,Goalkeeper,Birmingham,Wolverhampton Wanderers,€2.00m
386117,Rafa Mir,24,Centre-Forward,SD Huesca,Wolverhampton Wanderers,€10.00m
386118,Louie Moulden,20,Goalkeeper,Ebbsfleet,Wolverhampton Wanderers,€200k
386119,Connor Ronan,23,Central Midfield,Grasshoppers,Wolverhampton Wanderers,€800k
386120,Toti,22,Centre-Back,Grasshoppers,Wolverhampton Wanderers,€2.50m
386121,Bruno Jordão,22,Central Midfield,Famalicão,Wolverhampton Wanderers,€1.60m
386122,Leonardo Campana,20,Centre-Forward,Famalicão,Wolverhampton Wanderers,€3.00m
386123,Rúben Vinagre,22,Left-Back,Famalicão,Wolverhampton Wanderers,€5.00m
386124,Oskar Buur,23,Right-Back,Grasshoppers,Wolverhampton Wanderers,€250k
386125,Patrick Cutrone,23,Centre-Forward,Valencia,Wolverhampton Wanderers,€2.50m
386126,Morgan Gibbs-White,22,Attacking Midfield,Sheff Utd,Wolverhampton Wanderers,€30.00m
386127,Leonardo Campana,21,Centre-Forward,Grasshoppers,Wolverhampton Wanderers,€3.00m
386128,Connor Ronan,24,Central Midfield,St. Mirren,Wolverhampton Wanderers,€800k
386129,Rafa Mir,24,Centre-Forward,Wolverhampton Wanderers,Sevilla FC,€10.00m
386130,Rui Patrício,33,Goalkeeper,Wolverhampton Wanderers,AS Roma,€5.00m
386131,Owen Otasowie,20,Defensive Midfield,Wolverhampton Wanderers,Club Brugge,€600k
386132,Louie Moulden,20,Goalkeeper,Wolverhampton Wanderers,Ebbsfleet,€200k
386133,Connor Ronan,23,Central Midfield,Wolverhampton Wanderers,St. Mirren,€800k
386134,Leonardo Campana,20,Centre-Forward,Wolverhampton Wanderers,Grasshoppers,€3.00m
386135,Leonardo Campana,21,Centre-Forward,Wolverhampton Wanderers,Miami,€3.00m
386136,Hayao Kawabe,26,Central Midfield,Wolverhampton Wanderers,Grasshoppers,€2.00m
386137,Sang-bin Jeong,19,Centre-Forward,Wolverhampton Wanderers,Grasshoppers,€2.00m
386138,Morgan Gibbs-White,21,Attacking Midfield,Wolverhampton Wanderers,Sheff Utd,€30.00m
386139,Adama Traoré,26,Right Winger,Wolverhampton Wanderers,Barcelona,€12.00m
386140,Bruno Jordão,23,Central Midfield,Wolverhampton Wanderers,Grasshoppers,€1.60m
386141,Matija Sarkic,24,Goalkeeper,Wolverhampton Wanderers,Birmingham,€2.00m
386142,Renat Dadashov,22,Centre-Forward,Wolverhampton Wanderers,Tondela,€1.00m
386143,Patrick Cutrone,23,Centre-Forward,Wolverhampton Wanderers,FC Empoli,€2.50m
386144,Vitinha,21,Central Midfield,Wolverhampton Wanderers,FC Porto,€42.00m
386145,Rayan Aït-Nouri,20,Left-Back,Wolverhampton Wanderers,Angers SCO,€22.00m
386146,Willian José,29,Centre-Forward,Wolverhampton Wanderers,Real Sociedad,€7.00m
386147,Bendegúz Bolla,21,Right-Back,Wolverhampton Wanderers,Grasshoppers,€2.70m
