id,name,full_name,age,nationality,team_name,position,season
167,EGvmV,BTqBW,22,IcoWr,Watford,Defender,2021
623,hSHaO,bwvJV,25,yGAKt,Manchester City,Defender,2021
630,FQVOM,aCQDv,60,TBpyV,Everton,Midfielder,2021
883,fKCZn,naXJN,84,fJryT,Manchester United,Goalkeeper,2021
897,aaPdc,MbYAf,58,lCOXI,Manchester United,Attacker,2021
2795,JeTwE,hUsWj,03,nBnfC,Everton,Midfielder,2021
17968,CmBVC,bIemg,54,iYUEf,Swindon Town,Goalkeeper,2021
18826,ZvTus,QFGra,60,Nfosi,West Ham,Midfielder,2021
18925,OLDzM,arRRu,55,mUhBj,Burnley,Midfielder,2021
18977,Mmswz,mkWGt,21,cJcez,Burnley,Midfielder,2021
20126,huawG,FZJCH,59,UOpha,Watford,Attacker,2021
138411,GApXu,ApwWl,86,QXxFe,Liverpool,Goalkeeper,2021
138890,wxZTb,xAJWb,68,slNWd,Tottenham,Defender,2021
157025,QoQwX,Yawlm,05,Wvdde,Walsall,Midfielder,2021
158696,rJSAM,VnQOS,60,rycOz,Manchester City,Defender,2021
284247,DUoVm,unOdr,06,ZYHXS,Liverpool,Attacker,2021
284407,NMFGN,eByPC,95,cqJKJ,Chelsea,Attacker,2021
288115,zRwxm,neQqu,32,QQNjv,Wolves,Goalkeeper,2021
314661,iSNCn,WigLR,83,VZWDw,Liverpool,Midfielder,2021
348463,SyurG,FNzcT,67,ZseYB,Swindon Town,Midfielder,2021
1093,urgeX,Yvfpo,45,rbpwp,Brighton,Midfielder,2021
1131,uEkjn,COIPP,17,OhPip,West Ham,Attacker,2021
17676,IfOAV,IqUMI,25,iWukm,Leeds,Midfielder,2021
152964,gekXE,VUwIY,53,TyANd,Wolves,Defender,2021
153429,LUKQT,tCoIh,15,PIMPb,Manchester United,Defender,2021
154793,GwHbX,FOzgU,28,heIYd,Tottenham,Midfielder,2021
154807,XzPFA,ZeSvx,34,ZSGre,West Ham,Midfielder,2021
158702,CTBWT,iYGzF,49,KxPYe,Manchester City,Goalkeeper,2021
162493,MkALG,ahopS,68,WuEbf,Tottenham,Midfielder,2021
180866,VENyi,QKNle,49,bfRNP,Liverpool,Goalkeeper,2021
280683,fZamp,pmYMI,23,jeohY,Liverpool,Attacker,2021
284185,MCkvO,PLjQk,14,qczjs,Everton,Midfielder,2021
284338,TfYBo,zHswL,46,waqrb,Burnley,Goalkeeper,2021
284362,MqAGl,asyjp,27,RLpKr,Manchester United,Defender,2021
284420,pBbOB,VCqZr,91,fXYWk,Arsenal,Defender,2021
284493,pqmqG,ZsKSx,51,ZllvF,Crystal Palace,Defender,2021
284498,lzgQI,SdTkN,88,BfDXK,Aston Villa,Midfielder,2021
284556,teWLu,wzOZy,91,CkQRL,Aston Villa,Midfielder,2021
304317,FMlsk,jiyhf,40,HcVTO,Southampton,Midfielder,2021
312118,qCqRT,NWUou,65,AHtFC,Aston Villa,Defender,2021
1649,IagMT,CMWEc,69,eGoeB,Wolves,Attacker,2021
2790,Avrjp,RenQt,18,AJKCD,Burnley,Midfielder,2021
18918,tdWqc,PtbNF,34,gySXI,Burnley,Defender,2021
18922,sVXgP,jmuyM,99,CTMcL,Burnley,Midfielder,2021
18981,EIKZN,RgZcP,99,TwikA,Brighton,Attacker,2021
19268,hNjzo,ulfAt,93,TFotT,Burnley,Midfielder,2021
19331,wSPXy,DBrYt,48,IQaQh,Burnley,Defender,2021
19343,NZWBA,unppU,15,bsxCP,Brentford,Goalkeeper,2021
90497,FIptv,tHOkc,67,Ylglt,West Ham,Defender,2021
137299,eDUNS,JwOGO,88,MtupI,Burnley,Attacker,2021
144710,guglW,QXMKp,37,pqUXg,Crystal Palace,Defender,2021
153408,JKaVq,zxmxV,24,amhXY,Brentford,Defender,2021
158693,fwJMX,RTnPk,64,URJwn,Liverpool,Defender,2021
231029,yohLg,iJymA,14,KnagV,Southampton,Midfielder,2021
278074,DLfCC,giozR,73,Zuhgr,Arsenal,Midfielder,2021
284442,nnzdc,vGlmy,76,DZbvS,Chelsea,Midfielder,2021
286764,TeKIT,QLffz,27,beJND,Liverpool,Attacker,2021
298128,quVZf,faqqL,13,YYEKJ,Aston Villa,Defender,2021
305819,uhUnU,tysMv,18,gGmlw,Manchester City,Attacker,2021
349288,Osmmm,mYfms,27,qccGD,Watford,Goalkeeper,2021
76,Npsya,SiXdd,75,gBqWg,Aston Villa,Midfielder,2021
18747,wzsVQ,YokHO,11,UgTug,Wolves,Midfielder,2021
18891,VaKUg,JMcIs,62,TAdIA,Newcastle,Defender,2021
18927,lMKHp,qQTKF,56,FjHru,Burnley,Attacker,2021
18933,EDYwn,XlvKx,33,VjfBG,Norwich,Goalkeeper,2021
18957,GqjIU,ZwjlI,00,IuCCl,Southampton,Attacker,2021
19061,JFJWu,VdqIX,37,Mgylt,Norwich,Goalkeeper,2021
19062,ylegA,Szqsq,85,CoNiP,Norwich,Goalkeeper,2021
19070,BUOCs,JUVvQ,42,kLPVF,Norwich,Defender,2021
19131,EVWcC,kMhTW,86,nLoDA,Leeds,Midfielder,2021
19169,ZSFKk,NdaYF,75,VWpoL,Burnley,Attacker,2021
19363,gQGiD,uaAts,71,olXFc,Brentford,Attacker,2021
37440,UJsxN,slftX,30,ccwri,Brentford,Attacker,2021
50828,Yyyjn,pgQtB,62,IxSnL,Manchester City,Goalkeeper,2021
137302,JEhPe,VPjnl,57,pEEAh,Aston Villa,Attacker,2021
144732,cWxtU,aXZpJ,33,HnCQU,Manchester City,Midfielder,2021
153411,xlVqe,urHqh,11,Chjbf,Leeds,Defender,2021
158697,bCLoV,NytqQ,86,xVcyz,Manchester City,Midfielder,2021
162590,dJPYe,SvDeU,22,DpnyU,Liverpool,Midfielder,2021
278392,yIlbx,pTgfr,91,ldECA,Leeds,Defender,2021
301,jLEuy,CHyUl,23,hvLFD,Liverpool,Midfielder,2021
2360,SjmoS,ZkSgP,30,ReFhn,Norwich,Defender,2021
15832,xZvRY,jbuIV,77,ZJBmK,Norwich,Midfielder,2021
18889,pfCAK,ZGfHM,96,yJoEp,Newcastle,Goalkeeper,2021
18914,nTgfD,eyHlt,84,svFAw,Norwich,Defender,2021
19066,fPsqR,ttNgo,87,MeasW,Norwich,Defender,2021
19074,IudQF,fSRnY,37,AprbW,Norwich,Midfielder,2021
19077,Mqeyr,tlCDc,51,vcyHW,Norwich,Midfielder,2021
19085,FWBVX,ktwhC,70,FCyTM,Norwich,Attacker,2021
19100,vYqbK,buLUl,97,rMORu,Norwich,Midfielder,2021
19287,aToIC,hqHrF,60,GTXIH,Norwich,Defender,2021
25332,AeeAI,UKAzD,87,wACQC,Norwich,Attacker,2021
40774,ezdDC,kJsTy,36,MaBGs,Norwich,Midfielder,2021
130417,iOCRw,zNqmL,00,twmsu,Norwich,Attacker,2021
147835,XzDeK,EEqpd,86,bZKCE,Norwich,Defender,2021
161800,tqZmD,XkQuI,17,pDgUT,Norwich,Attacker,2021
171034,eDqVw,RGXte,66,vkoYX,Norwich,Midfielder,2021
278095,EsXMF,BLuNW,72,kqUEj,Norwich,Attacker,2021
284300,mkNzc,LGztR,57,yRMVv,Manchester United,Defender,2021
284441,kcHHS,dmyMN,22,zRScM,Norwich,Attacker,2021
18777,wEujt,uZPLx,84,zcRsR,Leicester,Midfielder,2021
18779,qtlcQ,QKhBq,25,VERdT,Leicester,Midfielder,2021
18793,hjAak,OLqiY,32,WBxTN,Watford,Defender,2021
18797,jdPBa,PHlWu,83,RgOcH,Watford,Defender,2021
18803,fncnR,NYlRu,36,saPRP,Watford,Midfielder,2021
18804,eXWNP,kLCAu,00,hFpwJ,Watford,Midfielder,2021
19136,qoMHM,aLrbm,30,jmKaE,Tottenham,Attacker,2021
19177,hsghQ,YQjKQ,43,DMerq,Aston Villa,Defender,2021
19569,fVttB,fweoJ,39,nMCPN,Leeds,Attacker,2021
21100,ZzuQM,oBYHr,66,JLwoY,Watford,Midfielder,2021
21383,jjaCj,hqPKm,75,WWrFj,Burnley,Defender,2021
22007,FQjoY,ligeE,71,kgccV,Watford,Defender,2021
31016,hEWqj,hrCSk,62,cKMyv,Watford,Defender,2021
44775,RwdHM,HoJMW,09,iZGkp,Watford,Goalkeeper,2021
141133,pqcne,NIfWk,21,MDCfA,West Ham,Defender,2021
157997,nsgVk,hJHKg,82,YbLXL,Manchester United,Attacker,2021
161948,eOjBu,yzOoS,03,hcWpQ,Manchester City,Attacker,2021
167660,ZmQxp,NMYhD,86,Cofzw,Watford,Defender,2021
278128,ojPyh,oPbtk,31,MONXq,Manchester City,Defender,2021
278232,DQdtb,sCXPM,40,rjTzd,West Ham,Midfielder,2021
285,sVNtI,VFadG,80,OeQEn,Wolves,Defender,2021
1276,UCeNg,KeZFR,98,piAgU,Watford,Attacker,2021
1424,JLzMr,SewKm,76,PBgNp,Watford,Midfielder,2021
2218,lIOqZ,fZgUz,54,buzgN,Watford,Attacker,2021
2860,Mlmls,ltIOx,62,bUOqs,Watford,Midfielder,2021
10329,AYzWN,hUuai,25,dbOrh,Watford,Attacker,2021
18737,fDzLw,yMusU,31,JUbPF,Wolves,Goalkeeper,2021
18874,yTyEM,igalh,85,ufXWv,Watford,Midfielder,2021
18915,hEGYX,CAcmO,53,bFECb,Burnley,Defender,2021
19166,Ngiev,neOhF,02,QZJfq,Newcastle,Attacker,2021
19182,gdMuh,rkZET,09,MpeaU,Aston Villa,Defender,2021
19185,zSKKr,yDsLU,73,HimfJ,Aston Villa,Attacker,2021
123437,scCCg,ibYnL,48,lqdCV,Wolves,Defender,2021
127470,IDLiF,PRurV,18,AEMAb,Watford,Midfielder,2021
130418,oWsBv,GOAgh,82,LpUXK,Wolves,Goalkeeper,2021
130421,FvgoQ,JNVis,89,aLwsY,Southampton,Midfielder,2021
149564,JGSWe,OMdyG,51,inaKK,Wolves,Midfielder,2021
193296,onMcC,MDpeu,98,RmKKh,Watford,Attacker,2021
367472,OVTUP,rJrMH,48,baanS,Watford,Attacker,2021
367473,uoAZD,JjAak,24,cxwNV,Watford,Attacker,2021
639,wYWfD,clnat,08,KXsyN,Brighton,Midfielder,2021
18807,GdabH,vjfoO,16,UUJJU,Watford,Midfielder,2021
18808,YpPYm,XgwZK,68,PgiSs,Watford,Attacker,2021
18820,EUURq,fpnmc,87,GMTXZ,West Ham,Midfielder,2021
18885,FlJty,JoKjT,66,KMmFV,Newcastle,Goalkeeper,2021
18916,qrCxT,cqltk,66,KrENu,Burnley,Defender,2021
19139,uaGZe,ZRRwT,90,XzcoN,Leeds,Attacker,2021
19253,dbtka,PbuBV,68,VJCZi,Norwich,Attacker,2021
19772,VeXiL,CQUpC,17,GLsaA,Brighton,Attacker,2021
19831,ZtTcQ,LQDpU,83,tOmxA,Brentford,Midfielder,2021
22010,WnDIx,MoZQt,50,NSIsA,Liverpool,Attacker,2021
49942,ciRqE,eYiqE,50,hpdNp,Watford,Midfielder,2021
138777,Gmxqv,vsGnd,28,kQlST,Chelsea,Midfielder,2021
138829,fcrfa,uBVqC,36,mwSvu,Liverpool,Midfielder,2021
152952,OefEE,sgGHE,19,Yjfiw,Chelsea,Midfielder,2021
152971,biLnx,DHpTW,43,OfImi,Leicester,Defender,2021
180560,mYPPM,VOAnV,36,hcxde,Manchester United,Midfielder,2021
191976,ZUoJx,zGDkH,34,nwmmI,Watford,Midfielder,2021
284500,MOZFZ,KCtWb,12,FgwsW,Aston Villa,Midfielder,2021
297187,KNSaa,owZHb,85,HwUpc,Leeds,Defender,2021
638,FOVXm,naZSq,84,yzPOc,Leeds,Attacker,2021
17772,wHlgO,hxjjO,37,tUecJ,Brentford,Defender,2021
18840,UDIAh,QUUde,21,OlYXn,Crystal Palace,Defender,2021
18924,JdZzY,AdukC,74,ehOrs,Newcastle,Midfielder,2021
18956,pVHsC,RwYAd,47,DWMGf,Southampton,Attacker,2021
19251,SPdiP,VauDC,78,dyQxr,Watford,Attacker,2021
19541,eAZhK,yOZvw,45,WkeBy,Brighton,Goalkeeper,2021
19894,slVmp,KPEVp,22,PGZJo,Norwich,Defender,2021
126791,cxWel,VKsAf,15,GCCKG,Everton,Attacker,2021
127469,KkmtN,goPAq,39,pqFiC,Brentford,Defender,2021
138842,LqmbT,GNKYz,86,KTmYN,Arsenal,Midfielder,2021
138844,UTUVl,pDWkf,79,vWWWe,Everton,Goalkeeper,2021
138909,aOQqc,SXuvg,05,xnlGj,Newcastle,Goalkeeper,2021
167656,ovqqS,oTmEX,74,tzSPj,Brighton,Midfielder,2021
180317,LqWnI,iyDvH,88,zgLjO,Liverpool,Defender,2021
180940,eNUQN,oxivW,03,JDMYP,Chelsea,Goalkeeper,2021
264437,rchdy,olltL,08,ytpmV,Burnley,Defender,2021
280672,YItCV,YDbBe,92,JeHQe,Brighton,Defender,2021
284208,XgbNg,YyolE,37,EKWgt,Burnley,Attacker,2021
284466,McDqw,ATaKz,44,xqQio,Arsenal,Attacker,2021
18736,IEcMQ,jadva,82,xSnOw,Burnley,Goalkeeper,2021
18912,rslSS,OfJpM,14,EFBQt,Burnley,Defender,2021
18934,UChaE,guGrY,09,XlNfL,Southampton,Goalkeeper,2021
19188,txmFA,IUcbk,52,rhGHo,Aston Villa,Midfielder,2021
69680,aofLY,xisCq,95,GjNAj,Burnley,Attacker,2021
107087,hENvF,eCFKZ,72,BylAN,Crystal Palace,Attacker,2021
137300,YNYSY,Nxrdv,48,asjAt,Brighton,Defender,2021
138783,cBpny,KCTVZ,34,VDGpR,Arsenal,Midfielder,2021
138793,wkRpY,BXWIO,03,zQhuQ,Tottenham,Midfielder,2021
138906,bNvDH,gHJvY,67,ISVCa,Newcastle,Midfielder,2021
153425,BjBJL,kLKCA,83,hIrtQ,Everton,Attacker,2021
158432,phlSk,NFkBU,34,LGyHB,Wolves,Midfielder,2021
162552,odfsF,cefWj,88,lFGcS,Tottenham,Attacker,2021
163054,Wkghs,bVbdM,70,ASLBl,Manchester United,Attacker,2021
275576,QxSkI,CynvW,53,HzRBM,Norwich,Goalkeeper,2021
278064,mlWdB,jJrvQ,98,GnNiO,Norwich,Midfielder,2021
278092,JSDLS,AhIYO,35,OVkvm,Norwich,Defender,2021
278129,moaos,GOHwK,92,vbfiT,Manchester City,Defender,2021
282901,KFVxR,AeIVD,70,xnrmK,Leeds,Midfielder,2021
298049,ojzcq,QZXpF,14,wrPNx,Crystal Palace,Attacker,2021
17463,OHnAG,KKWdN,03,fILVV,Walsall,Midfielder,2021
18791,XBYvZ,zumjO,97,JZQRH,Watford,Goalkeeper,2021
19629,uzfeU,QDcfh,24,tcsst,West Ham,Goalkeeper,2021
21147,dlJxA,uOiRF,55,rYSOa,Burnley,Midfielder,2021
138819,WPoNI,zRFLM,95,dSjnn,Tottenham,Defender,2021
138839,FyIrm,FDfPN,19,DvBxm,Tottenham,Defender,2021
138841,JZUCD,TrBDv,58,hcjtq,Arsenal,Defender,2021
138864,oMhWb,nKzmE,39,GIJTO,Southampton,Midfielder,2021
138919,KseHD,mMYNG,76,naNnJ,Norwich,Attacker,2021
153431,dmnUd,naQKR,49,NGYFz,Burnley,Midfielder,2021
158698,oHzoi,ROMZq,18,tTRAD,Liverpool,Defender,2021
162075,hBnVx,QfTYB,51,FNUHl,Brentford,Midfielder,2021
162446,XyMZb,Nnmfc,37,unnGV,Leeds,Midfielder,2021
197807,tQxiE,IKYxr,29,Stpjs,Aston Villa,Attacker,2021
197811,VyWOV,HMker,22,ZLsVb,Brentford,Defender,2021
276605,eTWdv,FVSZf,98,NFhvK,Watford,Defender,2021
278118,jzYeQ,UZijU,09,VhDFP,Leicester,Defender,2021
283290,wjMWv,gIoJb,05,mXMXx,Leicester,Midfielder,2021
284449,zLkcQ,rOLGH,28,mZOGB,Crystal Palace,Midfielder,2021
348461,aNPKP,QXrOk,01,yEQmW,Walsall,Midfielder,2021
305,qmUvC,CtiXv,26,SjmoM,Liverpool,Attacker,2021
662,Alddy,TNizD,98,Vfcpi,Tottenham,Midfielder,2021
902,VTmDN,pYSge,41,qxSLR,Manchester United,Midfielder,2021
904,PzExg,AphES,32,KURQJ,Manchester United,Midfielder,2021
907,ADJRx,NsUFZ,79,NHAhf,Chelsea,Attacker,2021
18767,qLRlr,KzoKk,57,NsFXw,Leicester,Attacker,2021
18887,CXGSh,wehYY,72,LAiqJ,Watford,Goalkeeper,2021
19194,HhOwH,JYRuS,12,ZaLcM,Chelsea,Attacker,2021
30418,pUXxz,affCZ,09,FHbgl,Tottenham,Goalkeeper,2021
45013,nOPMH,FeOtU,48,cfeFE,Partick,Midfielder,2021
47302,QDXJX,qLZfB,57,MKGIm,Leeds,Defender,2021
138905,WDBUN,YXQzB,30,kreUt,Newcastle,Attacker,2021
152949,pJRRw,UiyhH,67,BwxCu,Southampton,Defender,2021
167657,xqwlq,Grwzo,06,PrbxN,Everton,Midfielder,2021
180308,oBlcD,vGEfT,78,avWmc,Brentford,Midfielder,2021
278083,kxxAJ,iqyuF,18,zDiCH,Brentford,Midfielder,2021
284297,rimXl,lZkvO,37,wxjFE,Burnley,Defender,2021
284323,MUurs,oRLHF,61,xufTJ,Manchester United,Midfielder,2021
309816,DKLuP,jkfEX,01,hxlqH,Watford,Attacker,2021
350318,oNyqH,HxTFG,18,GrcYo,Watford,Midfielder,2021
182,YATxU,uHXJN,47,jzMYR,Tottenham,Midfielder,2021
842,NlWBh,pLBhT,28,VZuIi,West Ham,Midfielder,2021
877,kEBLz,GkzoP,96,yIhcF,Everton,Attacker,2021
1735,Kjuan,SgjTw,78,UOJCU,Partick,Goalkeeper,2021
2279,EbtAH,eEPOw,00,SGckF,Chelsea,Defender,2021
2773,eweEt,YuDFC,49,VZrwI,Watford,Defender,2021
2777,AxJbf,fkhPK,48,HMVIu,Watford,Attacker,2021
15430,sMmLH,QzJYB,17,uumjJ,Partick,Defender,2021
18799,Kxyuy,PTlTr,72,mBMvk,Watford,Defender,2021
20220,Akykm,aAmyO,13,AHvJY,Partick,Attacker,2021
44953,ppHZC,guzgi,23,EcXGl,Partick,Midfielder,2021
45204,BVtQV,PYnQG,68,cKKRd,Partick,Goalkeeper,2021
45285,zcENE,FjTIB,31,nCzqr,Partick,Defender,2021
46792,gqdpp,kIfWb,75,VMAsT,Arsenal,Defender,2021
108555,zErJt,xnVaa,67,nYCXp,Partick,Midfielder,2021
138931,gEQeM,xWEzY,50,rpgqc,Aston Villa,Midfielder,2021
138937,HZKHm,VBkbD,46,kYSYw,Aston Villa,Goalkeeper,2021
156490,TKolP,wfzHi,98,IaRdU,Everton,Defender,2021
278079,omdse,hvyKN,73,JGMQE,Aston Villa,Midfielder,2021
284457,SZlEY,vBbwY,72,lwWOx,Aston Villa,Defender,2021
307,kODNU,dCuRL,34,NxMrl,Liverpool,Midfielder,2021
2928,OFWIf,BzFFP,73,EgcPF,Crystal Palace,Attacker,2021
3008,bUknZ,xRhyN,42,XZHHG,Leeds,Midfielder,2021
18770,DeDmp,QzYHN,75,aAmNP,Leicester,Goalkeeper,2021
18926,OHoIb,UlEJU,61,CmCDi,Burnley,Midfielder,2021
20328,gRHeo,IvrZO,43,Xolgi,Partick,Defender,2021
30795,VYYqD,nIFHh,61,GqeAT,Watford,Defender,2021
45117,OFjmV,bbJVI,79,CuIrx,Partick,Attacker,2021
45163,DBZhU,DlJUh,08,RbJlZ,Partick,Midfielder,2021
45164,QRvRg,LLxzQ,19,AfYui,Partick,Midfielder,2021
45213,xYtJI,RBTru,03,EDhFQ,Partick,Midfielder,2021
45309,UxFkd,wKeCL,08,NvbKM,Partick,Attacker,2021
45325,tiGSR,eZDjQ,61,GFYIz,Partick,Defender,2021
47582,jPEbR,Cduhw,28,ftjRD,Watford,Attacker,2021
48649,JequC,HFilc,61,Aegwv,Brighton,Attacker,2021
181420,iApOO,TmXfb,91,JsgvC,Watford,Midfielder,2021
195717,JwSGV,NWoYp,40,pDVZp,Wolves,Defender,2021
278108,jScfQ,nhROe,59,YKGxN,Arsenal,Defender,2021
280963,ajuJe,hhUvB,87,TXpda,Partick,Attacker,2021
284373,qnDXS,mxsff,37,UKZUi,Newcastle,Midfielder,2021
244,JnVXU,iYnoa,09,afJfL,Tottenham,Attacker,2021
625,GQZIV,jOJlz,52,uiYjU,Manchester City,Defender,2021
17661,SrPLo,WVZTx,81,oXQow,Everton,Defender,2021
17832,LngiQ,axbTl,84,TPtBa,Watford,Defender,2021
18755,BBoRc,IBWCU,37,OVucJ,Everton,Goalkeeper,2021
18800,EnkDm,AEfQq,66,BwkQE,Watford,Defender,2021
19072,qXNEy,jpzCJ,84,eWBEd,Norwich,Midfielder,2021
19195,PXgnw,REBCB,66,gnwKO,Everton,Attacker,2021
19314,VXkMs,kwygu,50,uZVSk,Tottenham,Defender,2021
19345,UXPgB,OOVem,41,lIApT,Brentford,Defender,2021
19437,fxeyK,wuZkl,57,eIDZH,Liverpool,Defender,2021
37276,toYKs,wITVi,75,aawiZ,Brighton,Goalkeeper,2021
38781,SGtdR,MvEej,21,mEXhC,Chelsea,Defender,2021
40434,Strtu,wQInZ,47,GvqrO,Brentford,Attacker,2021
43071,XTEEc,HcaXf,48,ZLtWx,Brighton,Midfielder,2021
129791,KTmBc,otNNV,14,kaaus,Wolves,Attacker,2021
138893,EMHpj,RLNct,15,zoXNn,Tottenham,Attacker,2021
181827,HYCBM,VJfVL,24,HIlVZ,Manchester City,Defender,2021
283026,JiNFT,AUjXU,83,YgABf,Arsenal,Attacker,2021
284311,JpvWP,fKJri,21,ssLmF,Southampton,Defender,2021
179,igRbc,uJkGp,85,BCFJx,Watford,Midfielder,2021
885,fNIlm,QCspQ,86,JTejy,Manchester United,Defender,2021
1101,DrdUV,FxOxV,62,nDncn,Liverpool,Midfielder,2021
1442,fWpoD,nhadG,43,sfhUu,Arsenal,Defender,2021
1467,eHnDQ,whicl,56,edkNj,Arsenal,Attacker,2021
2287,aBoMd,HiLuc,30,zEnvc,Chelsea,Midfielder,2021
2728,QjKPj,ERCRj,53,GEjaX,Leicester,Goalkeeper,2021
3246,OUrul,CoZda,98,CjnTz,Arsenal,Attacker,2021
18765,uoaLR,FluXr,10,AsHKd,Everton,Midfielder,2021
19321,ZDqDm,fAZlf,48,QzoUn,Tottenham,Defender,2021
19684,vlnON,IwRlc,30,QVQoF,Crystal Palace,Goalkeeper,2021
22166,svXaI,TAxIJ,62,xpXFQ,Chelsea,Defender,2021
41577,sSQHY,EbGLN,98,fhRRm,Arsenal,Defender,2021
44928,fHStr,WgaLN,81,rnUXY,Leeds,Midfielder,2021
53525,TBHgQ,xTyqh,22,qulaz,Norwich,Midfielder,2021
69257,niXgv,NyDcw,90,oIewl,Brighton,Defender,2021
134428,WXrzK,Tflpt,85,Kgtjs,Aston Villa,Defender,2021
138835,eJwHB,QbkYQ,77,dxSuj,Arsenal,Attacker,2021
278107,qITBo,bNpJc,75,fBzxX,Arsenal,Defender,2021
291107,pKnsS,QXPvf,09,ezvTK,Leeds,Midfielder,2021
48,dkzKA,SkizT,11,gbEdL,Chelsea,Midfielder,2021
739,sihJy,lkobW,49,dwnPH,Tottenham,Defender,2021
931,FkbBz,UYCwi,67,fiUhj,Manchester City,Attacker,2021
1107,FQNAS,wYvcE,23,CAaXU,Leicester,Defender,2021
1496,munLI,LKwxU,73,MJCMb,Leeds,Attacker,2021
1914,hxAVn,oYfml,96,GYkWQ,Aston Villa,Midfielder,2021
2278,tIuOa,rMNzD,02,LmKMv,Chelsea,Defender,2021
2282,SeUDk,RDNDa,18,fxXiL,Chelsea,Defender,2021
2285,gttrr,CfSXB,02,BmWad,Chelsea,Defender,2021
17715,zxuqH,CwKnh,37,lLOaq,Brighton,Midfielder,2021
18742,AiVBx,SEOpX,15,KKwHt,Tottenham,Defender,2021
18942,ejzpu,LmxSp,99,eCcfj,Southampton,Defender,2021
19069,FgVEj,HbQAp,40,pnynG,Norwich,Defender,2021
19347,QpMmS,zNMHp,01,qBoIF,Brentford,Defender,2021
19350,NtcDf,HMyXK,73,qYVzh,Brentford,Defender,2021
21636,kEzOH,rABdq,78,NsCDr,Aston Villa,Defender,2021
22170,Podac,icyDQ,09,OhoEx,Norwich,Midfielder,2021
50075,daDDt,mjWbw,74,BJuxU,Watford,Attacker,2021
125618,XLgOk,rEHBC,88,SpKQv,Brighton,Defender,2021
152699,mXBfO,AkfCl,32,qtlfE,Watford,Attacker,2021
84,wezkk,GNlaR,29,kfBiG,Aston Villa,Attacker,2021
274,KxYgf,eWDTh,10,PpJTA,Manchester United,Attacker,2021
378,ITyMi,XkIQN,26,QgJHX,Manchester United,Defender,2021
1117,UXxdY,Rnhnp,31,nsOqc,Arsenal,Defender,2021
1440,CQGqe,sOQIj,71,eVlXp,Arsenal,Defender,2021
1578,ExWEW,EIQEO,27,QctfG,Tottenham,Midfielder,2021
2061,PaQgX,lcspH,45,uDobP,Tottenham,Attacker,2021
18794,rVuEV,UNTjN,88,VvIxn,Watford,Defender,2021
18899,pOGhV,sPfmD,20,euSxk,Newcastle,Midfielder,2021
18902,vqllc,fUxZq,75,MJkfz,Chelsea,Midfielder,2021
18906,jkVEO,iAmHI,74,swxkc,Leicester,Attacker,2021
18949,jSPzm,iZVaf,72,HDkAx,Southampton,Midfielder,2021
18978,cYWPF,sBtzX,83,tgQaW,Brighton,Attacker,2021
19959,rMAMo,HkakB,23,KOWXu,Arsenal,Defender,2021
20355,QDBiG,eVDaK,46,rQGsg,Arsenal,Goalkeeper,2021
22224,qchSB,bqjJw,26,cTEAu,Arsenal,Defender,2021
47016,JDAnf,ptdmh,30,hsyMe,Brentford,Goalkeeper,2021
169295,lnpyq,vEDmR,86,CZNEA,Arsenal,Goalkeeper,2021
231062,IxZxC,IVJgw,10,WzgQp,Arsenal,Goalkeeper,2021
284061,XrVXq,wrlhB,61,spuGp,Arsenal,Midfielder,2021
49,yZaEW,ZJfYF,48,zylFQ,Arsenal,Midfielder,2021
567,Ptkgi,Nkmiq,14,BNXbw,Manchester City,Defender,2021
617,KXXiK,ByRcn,88,RrpSJ,Manchester City,Goalkeeper,2021
626,btbBx,GInFI,93,Dxhao,Manchester City,Defender,2021
627,LsSmO,QWaMf,65,dNTUJ,Manchester City,Defender,2021
641,pCViY,TdpZA,55,BLwbC,Manchester City,Midfielder,2021
643,UKmxx,wzqpT,37,AQfMj,Manchester City,Attacker,2021
727,UxDjl,nXYZd,63,ZEyNF,Arsenal,Attacker,2021
1161,LZFag,eFmxJ,33,lDZuD,Arsenal,Midfielder,2021
1452,eFxqo,QtRVs,43,lxfIA,Arsenal,Midfielder,2021
1460,wGKWA,YRifB,43,mmMyi,Arsenal,Midfielder,2021
1464,gkzzR,tdokd,12,pTVBF,Arsenal,Midfielder,2021
1468,jKxHd,AqXRu,30,ZWrsp,Arsenal,Attacker,2021
1946,XEFVk,ZuDNG,15,KBXxr,Brighton,Attacker,2021
2289,frVJF,RWdZO,19,CJHgr,Chelsea,Midfielder,2021
2597,ckZGr,SBjqR,05,xZCRZ,Arsenal,Defender,2021
18861,ookPN,rLrzK,90,zxgvT,Manchester City,Defender,2021
19197,OdIFz,kaqKQ,90,BrFOA,Manchester City,Goalkeeper,2021
37127,MaGIG,ASvcl,34,HbOkg,Arsenal,Midfielder,2021
127769,Ewsoz,gGQai,11,SAFYL,Arsenal,Attacker,2021
44,ZzuWx,CJvoj,75,BYzcy,Manchester City,Midfielder,2021
169,Xhznl,dRYIi,25,TugXh,Newcastle,Defender,2021
622,mxkzL,GnGlt,70,zEnIE,Manchester City,Defender,2021
629,fTEPx,XoClm,26,MaSJr,Manchester City,Midfielder,2021
631,FZJHS,QdsHo,28,WbQmv,Manchester City,Midfielder,2021
633,FsxfH,WDurd,96,shgLm,Manchester City,Midfielder,2021
635,vnWMP,COPrO,70,oAqsP,Manchester City,Attacker,2021
636,GjmCE,ahmbt,99,hsOqe,Manchester City,Midfielder,2021
1972,hmRBx,mHTvv,99,ayzPg,Liverpool,Goalkeeper,2021
2806,Gmntr,CZomn,54,kwHao,Newcastle,Defender,2021
18886,PkjVw,xjHOJ,86,oyrtK,Newcastle,Goalkeeper,2021
18892,WPNYa,PHtCL,43,EeILU,Newcastle,Defender,2021
18894,qaHPE,uGSQA,86,STtAa,Newcastle,Defender,2021
18911,UJvsL,tASPw,14,fuKcE,Burnley,Goalkeeper,2021
18941,YvWrI,EGwGJ,29,JadcV,Newcastle,Defender,2021
19076,TLjUT,LQZEB,49,wqFip,Newcastle,Defender,2021
19130,Jybez,UIIxQ,98,PWYOp,Leeds,Midfielder,2021
19187,evxDX,iaboA,21,aLNUU,Manchester City,Midfielder,2021
44912,OokfM,xTSoQ,32,LcvBf,Newcastle,Goalkeeper,2021
152982,fCLLY,WxUEC,50,eawhZ,Manchester City,Midfielder,2021
723,dyWXy,LXSIQ,81,rCjIu,Newcastle,Attacker,2021
882,BCtrK,qioVy,95,VEqyf,Manchester United,Goalkeeper,2021
1463,mUUfe,UmBwi,58,Ugpzq,Newcastle,Midfielder,2021
2507,rJZUK,oDung,62,FQVZu,Newcastle,Midfielder,2021
2855,wkDdB,TRpEP,97,YMbfi,Newcastle,Defender,2021
2930,OtPWi,fpvrK,58,GOXrm,Crystal Palace,Goalkeeper,2021
2931,SaOMe,QFhZA,49,HLcRM,Manchester United,Goalkeeper,2021
2939,kngRi,jpCGH,42,zQlLP,Newcastle,Attacker,2021
10135,rnQjK,xJFmA,72,BtlxM,Newcastle,Midfielder,2021
18873,xOFqP,CkJdJ,80,OAoBs,Newcastle,Midfielder,2021
18896,sXCsO,KdUXQ,67,CsWGG,Newcastle,Defender,2021
18901,IKwsG,FShRT,32,yQtlM,Newcastle,Midfielder,2021
18903,cAIRn,tKRAw,33,kwRuk,Newcastle,Midfielder,2021
18961,Yfduo,Zjwdr,80,RNYOj,Newcastle,Defender,2021
19163,gJVpt,upuoE,95,vAobi,Newcastle,Midfielder,2021
22173,bhBcY,dAbtf,31,YQFcJ,Newcastle,Attacker,2021
130419,TQgPI,IwmrS,48,UueIF,Newcastle,Midfielder,2021
138787,omohf,DIftR,56,GfhTR,Everton,Attacker,2021
138908,rOWNs,UoYJM,53,ALaMq,Newcastle,Midfielder,2021
171058,fvmvD,qjoFn,48,RbJKw,West Ham,Defender,2021
18,BpBiq,CZacX,28,tnrIG,Manchester United,Attacker,2021
174,Ljcre,cIvfb,40,PVTlX,Brentford,Midfielder,2021
547,fucGk,OdjGe,94,xjJUp,Everton,Midfielder,2021
742,iOMud,SsSMT,14,itzWL,Manchester United,Defender,2021
886,zRwGs,HDjOc,20,ZvuTf,Manchester United,Defender,2021
888,ZSzgf,mcLvB,42,TgjID,Manchester United,Defender,2021
889,edhrT,aIGsO,90,PSloq,Manchester United,Defender,2021
891,fJuEK,XKZNN,87,Udtou,Manchester United,Defender,2021
901,GVtFb,kGuRc,32,lImiO,Manchester United,Midfielder,2021
903,MbpAm,zeCrZ,54,BmaqJ,Manchester United,Midfielder,2021
905,mEyYI,mtXBp,64,YOGRX,Manchester United,Midfielder,2021
908,wgxbu,xTtkf,82,ubOQu,Manchester United,Attacker,2021
909,FCEer,BijAp,23,Mmbba,Manchester United,Attacker,2021
1485,JyVvy,Vqvws,63,xPlzV,Manchester United,Midfielder,2021
2935,oUomX,CTLfC,33,bXCdz,Manchester United,Defender,2021
18846,XGTHL,Wolrm,41,jwtGR,Manchester United,Defender,2021
25324,JdpOv,vmlwU,15,yssgM,Norwich,Midfielder,2021
25416,bWODY,ibROZ,72,JtpIY,Burnley,Attacker,2021
138806,aIdbT,hCFFv,42,SXSim,Norwich,Defender,2021
284295,nheRD,FLTBk,00,wnOqu,Manchester United,Midfielder,2021
159,RRZsd,rFNYg,26,GLvyy,Tottenham,Goalkeeper,2021
161,qSCRi,jpPke,86,MKWQA,Tottenham,Goalkeeper,2021
164,ibXqi,qYRSC,83,Quyfb,Tottenham,Defender,2021
168,ERcUB,ITHlm,97,hqTug,Tottenham,Defender,2021
175,cXdQx,DNAhw,97,oURns,Tottenham,Defender,2021
180,CGSVR,aSnre,97,xirwu,Tottenham,Midfielder,2021
863,EGgkC,YqsRu,70,NClxA,Tottenham,Midfielder,2021
1566,ZiDhM,RWqLv,26,RotyI,Tottenham,Defender,2021
2735,HBmYK,borik,37,btDZM,Tottenham,Midfielder,2021
18816,IoFpS,vxLHQ,18,lcsHC,West Ham,Defender,2021
18932,CciLP,KnYee,04,OHUoP,Southampton,Goalkeeper,2021
19032,kQUBl,fGePw,71,Yudjn,Tottenham,Midfielder,2021
30435,uLUqZ,HFBkh,24,BdPya,Tottenham,Midfielder,2021
30776,kiEhx,kquUo,48,wHYmF,Tottenham,Defender,2021
60353,bjgXd,ZUqyW,72,jbkHt,Tottenham,Defender,2021
149550,eCbNi,UyAKJ,78,MDWiQ,Tottenham,Defender,2021
153430,MQFbe,jyFKW,19,actnO,Manchester United,Attacker,2021
154800,cTBLW,PzGIb,92,UMxex,Tottenham,Defender,2021
156428,unLpb,ZzAgm,92,XBgFA,Tottenham,Goalkeeper,2021
284324,KbmgU,sWUFe,48,WoJSc,Manchester United,Attacker,2021
172,mdzeT,XYibs,00,OPpgF,Everton,Midfielder,2021
178,PsgwQ,Lgnml,91,ghAto,Tottenham,Attacker,2021
184,ntlRk,aPtgU,84,lsubL,Tottenham,Attacker,2021
186,Bvapn,BWUzS,15,eWzPb,Tottenham,Attacker,2021
766,ZRjHq,COIvQ,73,yJxaa,Aston Villa,Goalkeeper,2021
2413,oJkwD,knMQQ,87,KfoZj,Everton,Attacker,2021
2716,hInGn,PURVg,38,azPuj,Wolves,Defender,2021
18768,cHEhB,EvIEl,75,hiXnL,Everton,Attacker,2021
18948,OQMaD,PXpUS,78,zgOXS,Southampton,Midfielder,2021
18968,iKroU,FKFJc,74,amZHS,Brighton,Midfielder,2021
19016,QUXbz,vFCBa,25,iCdsG,Aston Villa,Defender,2021
19174,KJPhO,IPPta,59,gsgQm,Aston Villa,Goalkeeper,2021
19179,FPtlC,Cfrmh,80,FYkuR,Aston Villa,Defender,2021
19298,vPRhS,aDZkW,71,QHiqv,Aston Villa,Defender,2021
19354,qSBXY,QznGM,20,ESzzt,Aston Villa,Defender,2021
19599,bLqOx,kCnMv,03,sjolo,Aston Villa,Goalkeeper,2021
169291,RYrFg,jEqnR,39,LvdNh,Aston Villa,Goalkeeper,2021
273757,EntBS,CoiDV,17,XWJXK,Tottenham,Midfielder,2021
284414,qkbHp,qpJqj,06,eAtbo,Tottenham,Midfielder,2021
284418,QumwY,MiuAc,41,kKUQJ,Tottenham,Midfielder,2021
147,Khmxn,cByAz,49,XLGSu,Aston Villa,Midfielder,2021
537,LFEVk,EPbyo,03,LVile,Brighton,Defender,2021
671,tZZEt,SAQzK,13,MOuaz,Aston Villa,Attacker,2021
894,tRrIp,lIyAJ,00,IldMf,Aston Villa,Defender,2021
983,WCkBu,POHCe,74,DYlrc,Aston Villa,Attacker,2021
2724,zFbFh,FjYKy,79,TBCPn,Aston Villa,Defender,2021
2922,gZKnR,xbpnV,80,AKoHQ,Wolves,Defender,2021
18881,gFtQB,VuiLL,41,uscbU,Watford,Attacker,2021
18959,Sxnco,XwDso,68,gkmNb,Brighton,Goalkeeper,2021
18960,dTdbh,NMlIJ,22,spSlD,Brighton,Goalkeeper,2021
18963,tbPnY,KBsGv,69,ijMzH,Brighton,Defender,2021
19071,afXJF,IJvgQ,99,VUfYX,Aston Villa,Midfielder,2021
19191,VnfTk,TkRHg,89,nIIMA,Aston Villa,Midfielder,2021
19192,BMpHM,zDFYk,82,hsvSN,Aston Villa,Midfielder,2021
19265,fZioy,kfrVu,54,kUQLY,Brighton,Defender,2021
19366,sZiPy,UITrx,90,iJJAq,Aston Villa,Attacker,2021
47522,vfedr,MSlXa,98,QLHdX,Aston Villa,Midfielder,2021
138815,vyODh,NqWOl,89,cEQva,Brighton,Defender,2021
167663,sFtOX,gMHfI,35,CPzbG,Brighton,Goalkeeper,2021
284523,NphOF,JiCBy,32,oDbUR,Aston Villa,Defender,2021
280,FqnIy,MWICQ,18,HUHQP,Liverpool,Goalkeeper,2021
281,heINN,cepBR,71,qencr,Liverpool,Goalkeeper,2021
284,scPWf,QstBY,20,SafzO,Liverpool,Defender,2021
289,AEGog,gknqk,63,sight,Liverpool,Defender,2021
290,nokfo,rUKfp,86,MMRfN,Liverpool,Defender,2021
295,WGYOc,aPWyr,14,wooiD,Brighton,Midfielder,2021
1145,WsBvG,higai,14,QAzEX,Liverpool,Defender,2021
1469,ipKcq,JLvOf,91,SUrEz,Brighton,Attacker,2021
1600,vcihO,HgVoU,33,NcHXW,Liverpool,Defender,2021
6716,WQOLJ,AOPrk,79,JDglR,Brighton,Midfielder,2021
18812,Sqmvn,lpoqJ,53,YgUyd,Liverpool,Goalkeeper,2021
18970,sxUGL,tbOyt,10,UnWdH,Brighton,Midfielder,2021
18973,NLNtJ,McbnW,26,YHdjj,Brighton,Midfielder,2021
40911,IPeyU,ceWeV,63,zdRNl,Brighton,Midfielder,2021
116117,oouBy,yacwA,78,azjRE,Brighton,Midfielder,2021
129643,kGrNL,NSOnv,66,GahRZ,Brighton,Attacker,2021
130423,mOFpv,DKhZP,73,ohAQj,Norwich,Midfielder,2021
137220,USsgE,BYBXh,92,IbbuD,Brighton,Midfielder,2021
202086,ovAzh,JQJtH,76,zcRvR,Brighton,Attacker,2021
282254,VMTOI,xajuH,70,gqsZH,Brighton,Defender,2021
283,pkGxY,AnyET,14,llcxG,Liverpool,Defender,2021
286,ZNpwD,ijjkJ,24,TDDtP,Liverpool,Defender,2021
292,OHKwe,ASJdW,16,maIwa,Liverpool,Midfielder,2021
293,qINiE,TTocu,80,eZRPA,Liverpool,Midfielder,2021
294,drBim,jSrPv,32,znZtW,Liverpool,Midfielder,2021
296,JocHe,znCNK,70,pVKrz,Liverpool,Midfielder,2021
297,XJCHh,UPcUa,56,ImgGC,Liverpool,Midfielder,2021
299,ztFbo,FmDia,91,lZvuU,Liverpool,Midfielder,2021
302,riwOK,Ortjg,63,Vtwkx,Liverpool,Attacker,2021
306,BmkEW,akwQd,79,ipPIO,Liverpool,Attacker,2021
507,wWKHC,nncgg,75,Fqvmr,Liverpool,Midfielder,2021
2489,LvkOI,WVvUR,35,apiqo,Liverpool,Attacker,2021
2678,lrCej,CMeDb,71,GXRNx,Liverpool,Attacker,2021
19035,Muaxd,TpRDN,50,BcUXs,Liverpool,Midfielder,2021
19346,EnOaj,NYlzu,12,pijSA,Brentford,Defender,2021
19465,rHzOS,YTToV,42,sqZVt,Brentford,Goalkeeper,2021
19789,TPDdS,eDqul,08,UHrlE,Brentford,Defender,2021
127472,TMAVc,jBAOm,86,oYfuf,Liverpool,Defender,2021
162904,ojgEQ,ArdJP,48,buhBI,Liverpool,Defender,2021
278041,jcqas,fYTes,99,DvcAK,Brentford,Goalkeeper,2021
1119,rVSfV,gmIfJ,14,UkTtu,Brentford,Defender,2021
1438,BkVck,VznUp,83,toriE,Arsenal,Goalkeeper,2021
2664,sijAQ,wHkSH,16,RBRHj,Aston Villa,Midfielder,2021
2699,ofBbJ,GDGda,41,fERTr,Brentford,Attacker,2021
2731,LevTa,hDLHU,36,zdlQA,Brentford,Defender,2021
3240,cVVgW,kOAic,39,JaKFG,Everton,Midfielder,2021
15745,ddCcz,DfWTz,29,QRcdQ,Brentford,Defender,2021
15799,KdGgh,ruIkU,34,nYAjJ,Brentford,Midfielder,2021
18917,ihiiD,saxzu,79,nURvU,Burnley,Defender,2021
19124,WqwZj,hJNEt,07,gfZLL,Brentford,Defender,2021
19362,xWvyF,BaWDK,67,JWiWC,Brentford,Midfielder,2021
19974,QkUsU,YVnaS,48,OHWMb,Brentford,Attacker,2021
20110,taXlF,TUCbF,17,TSGeV,Brentford,Midfielder,2021
20589,wwXxy,KQlfM,29,rdrXN,Brentford,Attacker,2021
20649,DwrxV,jSOLS,56,FwTMA,Brentford,Attacker,2021
25073,GEVKP,sfKBi,04,zoCNV,Brentford,Midfielder,2021
30407,sRwNi,IKnSg,84,JvgWA,Brentford,Midfielder,2021
47438,YVBst,JlMzh,79,AzdSs,Brentford,Midfielder,2021
153261,XTQjU,NdcsR,83,KPNSf,Brentford,Attacker,2021
276263,JqNHt,dpiRU,59,PkrqC,Brentford,Defender,2021
17,cZZOY,GjmKS,94,xLYBK,Chelsea,Midfielder,2021
190,FOhDr,AiUbl,63,GVPBD,Arsenal,Defender,2021
259,hrdwu,cfqbP,46,gmKKn,Chelsea,Defender,2021
899,aLIGw,NZmvS,52,DWRJa,Manchester United,Midfielder,2021
2273,BgrGn,gUxRs,77,jpphj,Chelsea,Goalkeeper,2021
2280,CTCvM,aruYG,80,DFbPb,Chelsea,Defender,2021
2290,Pqxne,unlBs,32,hEAmW,Chelsea,Midfielder,2021
2291,luUqS,puwih,01,IKmZL,Chelsea,Midfielder,2021
2294,ncVrc,iSPUn,88,zfDrI,Arsenal,Attacker,2021
2933,xbmaY,qguxE,50,gfDBz,Chelsea,Defender,2021
2986,BAZJe,FCnNP,13,UTjEn,Chelsea,Goalkeeper,2021
18814,aewPA,mlKVI,81,DEsBU,West Ham,Defender,2021
18962,FZqGW,AmTVu,69,hZogh,Brighton,Defender,2021
19012,lPTsv,hHtuy,12,Ucxox,Chelsea,Goalkeeper,2021
19329,yFsGw,QzzXA,86,VoRaE,Leeds,Attacker,2021
19545,nTAKm,VrGdq,22,ISqZM,Chelsea,Defender,2021
19720,qTWHe,pRoDK,26,BRwYE,Chelsea,Defender,2021
22094,Pqfbv,npGBC,09,KVAgP,Leicester,Defender,2021
47380,IMWcN,CJYIB,87,VbBvV,Brighton,Defender,2021
152955,toHga,RYogM,76,JuCvr,Chelsea,Goalkeeper,2021
548,iDCxI,DWHoD,89,fxJxC,Chelsea,Midfielder,2021
645,etuMZ,kXfOW,41,OHjLW,Manchester City,Attacker,2021
978,quUCl,FqmhP,11,RPEDv,Chelsea,Midfielder,2021
1465,YujcZ,hEveB,19,eDKsx,Arsenal,Attacker,2021
2292,hafNN,dNVhp,46,mfVVR,Chelsea,Midfielder,2021
2729,ExpgB,EcVJz,99,Htmii,Crystal Palace,Defender,2021
18835,eBjBx,YnYdJ,50,FHLFA,Crystal Palace,Goalkeeper,2021
18844,RXykb,QWSMb,81,UtJeC,Crystal Palace,Defender,2021
18847,fieXh,mJzyj,85,XPsWy,Crystal Palace,Defender,2021
18862,VICoG,gXLXt,42,jufhi,Crystal Palace,Defender,2021
19220,loeHW,oYTZI,68,VaVUT,Chelsea,Midfielder,2021
67971,lZYDB,fMooE,09,DvwzG,Crystal Palace,Defender,2021
67972,IShDy,jUDqu,62,ufFUA,Crystal Palace,Midfielder,2021
127605,NxBQv,FDXsb,24,TEoYC,Crystal Palace,Defender,2021
138822,Bdmll,nKhja,71,LivqS,Southampton,Attacker,2021
138935,CylGN,lEUZV,40,fBUto,Aston Villa,Midfielder,2021
182201,fMkNU,YUBvg,20,sALuk,Crystal Palace,Defender,2021
274550,JjVUK,yPDKO,37,fpmtF,Chelsea,Midfielder,2021
284428,woOOX,tCYqN,47,dDcmv,Arsenal,Midfielder,2021
284492,iuBeu,toZEq,37,nlEks,Chelsea,Midfielder,2021
130,RCrlM,kLaFo,67,EtBli,Wolves,Defender,2021
1135,ZvmDw,rNYhp,78,Qisro,Crystal Palace,Attacker,2021
1427,hJeRL,hDrMO,56,faWfE,Arsenal,Midfielder,2021
1590,ZWVbi,Jvyxl,65,Lhnkv,Wolves,Goalkeeper,2021
3247,dqJrU,vrtLa,85,slxLF,Crystal Palace,Attacker,2021
3428,GCqBZ,fCadH,76,dlzIb,Crystal Palace,Attacker,2021
18740,PUXDc,Fmpcj,47,dXpEC,Wolves,Defender,2021
18806,egKHi,fMJSO,50,cphFa,Crystal Palace,Midfielder,2021
18843,HlbYI,UcSNO,97,XWRuo,Crystal Palace,Midfielder,2021
18849,TrMHm,umDVI,52,YQAVG,Crystal Palace,Midfielder,2021
18852,aumeM,HpsaH,01,hyGlr,Crystal Palace,Midfielder,2021
18853,KtXli,jYbaO,62,yINJb,Crystal Palace,Defender,2021
19147,BLVXV,xlydP,08,ciUXP,West Ham,Defender,2021
19495,CYpWD,IMMWG,04,FpOLM,Burnley,Defender,2021
19586,Xdaht,qWtUa,53,bODzG,Crystal Palace,Midfielder,2021
19617,BsJQu,ZXzzJ,22,CnTef,Crystal Palace,Midfielder,2021
21138,idEIL,iGuXf,97,aKQES,Wolves,Defender,2021
25927,GeeUg,tfMbK,85,ArkEc,Crystal Palace,Attacker,2021
144741,nFMhf,Tcavg,79,lhYvA,Wolves,Goalkeeper,2021
284551,MRlcI,UDUSk,00,WYhaL,Crystal Palace,Midfielder,2021
253,fYTwT,EMnKg,52,vjyiE,West Ham,Goalkeeper,2021
1231,lbfED,qyhNC,63,jrekz,West Ham,Defender,2021
1605,YWlCU,UZrSk,09,mKFAV,Wolves,Midfielder,2021
1864,VHsIz,YGslv,48,LwddN,Wolves,Attacker,2021
2284,cKBJn,ZgBen,38,Otvhe,Chelsea,Defender,2021
2676,pECUN,rXdwc,89,hePqk,Wolves,Midfielder,2021
2677,MYVFA,CxqQo,56,gttXq,Wolves,Midfielder,2021
2726,VOSGN,VEJKe,48,dKyeK,West Ham,Defender,2021
2887,bLfbw,fKNnu,08,POgau,Wolves,Attacker,2021
2997,qdRni,eJTgh,46,sOHjL,West Ham,Goalkeeper,2021
18744,uJjrS,ODTPR,46,WdjdB,Wolves,Defender,2021
18753,vQfBd,naDtR,71,fKCrH,Wolves,Attacker,2021
18813,uOmBj,iwdTx,03,tNtWV,West Ham,Defender,2021
18817,pcpei,eURDv,09,dpxXU,West Ham,Defender,2021
18823,ntmMC,cihGP,29,Jdcdw,West Ham,Defender,2021
24888,lyekI,fGOHg,80,aExbr,Wolves,Attacker,2021
41606,mNwuo,PJlTr,19,iCbjw,Wolves,Defender,2021
195962,TSynu,RpOvk,74,vgbbR,Wolves,Attacker,2021
280687,CzGEs,APtBO,13,mZXFf,Wolves,Defender,2021
284237,wJnoi,Deyxj,37,zyLqb,Wolves,Defender,2021
665,BRwvb,gpuMi,14,XyLZr,Burnley,Attacker,2021
1243,SyvZP,mKRKY,21,msdVU,West Ham,Midfielder,2021
1564,jOqbK,sPPJp,79,GlEjB,Leeds,Defender,2021
1697,DENKx,uQFHU,17,SbnRM,West Ham,Midfielder,2021
2473,LSiSe,sRMSd,87,hyaeG,West Ham,Midfielder,2021
2784,jkUND,nkNKb,42,iQecG,Arsenal,Goalkeeper,2021
2937,SBKnS,mxYXE,44,xbBId,West Ham,Midfielder,2021
18815,nzpHt,AKjoc,65,HdriT,West Ham,Defender,2021
18819,eCJVO,jfpsp,89,fzSQb,West Ham,Attacker,2021
18940,UGMET,akCdL,15,PglPD,Southampton,Defender,2021
18955,FaDya,BQBSD,91,YTajd,Aston Villa,Attacker,2021
19116,nlAbn,TFMIk,57,YvLxY,Leeds,Defender,2021
19118,EJize,OHHGI,96,aMZKp,Leeds,Defender,2021
19229,fqWuh,jegBI,81,cwivn,West Ham,Goalkeeper,2021
19361,jyYQO,mPcIt,10,dKTkB,West Ham,Attacker,2021
19428,KnFDw,XPgBz,03,vOWea,West Ham,Attacker,2021
20619,pOXoN,mJSUz,58,RLHiO,Leeds,Goalkeeper,2021
26238,GxWgV,YNuBN,63,BpdvE,Leeds,Defender,2021
39105,LoGyE,WRkpg,28,zwnSN,Leeds,Goalkeeper,2021
171059,TrMpZ,Svxqc,04,UjhQT,West Ham,Defender,2021
935,hWjqg,xQGei,12,ZlCgv,Leeds,Attacker,2021
2165,rbTrg,SKeog,66,iWUbV,Everton,Defender,2021
2484,sooDM,heFBl,02,USQRl,Everton,Defender,2021
2932,YCqWP,qiSHo,28,CRpVt,Everton,Goalkeeper,2021
2934,PeLsB,alPFr,59,wKfSz,Everton,Defender,2021
2936,nFmJz,OgVVQ,34,ZNEPu,Burnley,Defender,2021
18858,dTRen,udnwk,35,ooHxk,Everton,Goalkeeper,2021
19126,bdPao,NNDpV,71,qxCHs,Leeds,Defender,2021
19127,sNtUS,xmzHv,51,DMdVo,Leeds,Midfielder,2021
19128,MpnWN,ThuDO,75,fFZmd,Leeds,Midfielder,2021
19134,bSqDO,ZSnmg,14,Sjmug,Leeds,Attacker,2021
19150,dMtti,mCVay,02,PBHVZ,Everton,Defender,2021
20224,OozMR,PRXiz,72,tREtH,Everton,Goalkeeper,2021
37724,RhIUq,qnilN,99,wUoVj,Leeds,Attacker,2021
64003,zEpWZ,eFbKV,05,HKFBz,Leeds,Defender,2021
138417,eGoGc,GjyvG,48,AtsYs,Everton,Defender,2021
153400,DNkaI,sJxOM,41,QukMG,Leeds,Attacker,2021
278235,aWCBs,cgkVJ,58,ZqFUZ,Leeds,Defender,2021
284408,dLOuy,tpDMI,09,RdCFV,West Ham,Attacker,2021
328089,eLmyG,ffpGE,42,TpREp,Leeds,Midfielder,2021
163,XYKDp,CdzAh,29,dMoBh,Tottenham,Defender,2021
895,VZTFB,tFXLO,54,QPPYS,Manchester United,Midfielder,2021
1455,VlThU,iYvVz,80,zVVPL,Everton,Attacker,2021
18739,tKCAv,lomos,67,ZXEkn,Wolves,Defender,2021
18741,khPNv,eeaoH,90,yYdhH,Wolves,Defender,2021
18758,gviKB,bXfyz,66,xFBaw,Everton,Defender,2021
18762,mjgCG,sImYY,85,aVKXG,Everton,Midfielder,2021
18766,LxrFZ,NHxnP,23,QiGgK,Everton,Attacker,2021
18781,IRgWh,VuRot,77,jeeuh,Everton,Attacker,2021
18805,ckpVB,HHhtA,36,CSmej,Everton,Midfielder,2021
18836,boani,hTAjF,18,ZpQFb,Burnley,Goalkeeper,2021
18854,Tmnwb,ybUvI,91,AHKxF,Everton,Midfielder,2021
18929,VkDxg,eJgma,98,PuEVw,Burnley,Attacker,2021
19073,jfOWh,GfPcy,50,nccfK,Everton,Defender,2021
19088,zXTVf,Lfvtc,99,nTusv,Manchester United,Goalkeeper,2021
19364,irKBk,FeMzV,07,sXjtN,Brighton,Attacker,2021
138780,AlzGi,noyzp,77,zohJi,Liverpool,Defender,2021
138786,Lvwxc,FnZnQ,06,kbNlR,Everton,Attacker,2021
284267,jWxDQ,Pcwxw,76,MzRun,Everton,Midfielder,2021
284327,eVPzm,RfXUa,55,ZUyLG,Everton,Defender,2021
80,fHflQ,SvVea,15,LOxcp,Watford,Attacker,2021
900,XjfTa,lRGsP,95,nkglq,Manchester United,Midfielder,2021
2920,ZHJGJ,NEvdI,24,dRZWn,Leicester,Defender,2021
2926,ChPuR,rjGrj,63,eEuKR,Leicester,Midfielder,2021
2991,shgfu,GpaRE,34,mePPi,Crystal Palace,Midfielder,2021
3421,mMRXb,ZAaaj,83,XNloX,Leicester,Defender,2021
18146,GqZnk,SyAgn,28,dOmcA,Leicester,Goalkeeper,2021
18746,DwUyD,ViCXH,89,mXRmz,Wolves,Midfielder,2021
18771,xLDpW,VVqay,65,kaBpz,Leicester,Defender,2021
18772,oJxyx,YQDzD,45,ywNUs,Leicester,Defender,2021
18776,UhTnx,YhhHG,27,GrLiT,Leicester,Defender,2021
18778,ZTVcq,QarVp,21,skLWB,Leicester,Midfielder,2021
18784,EnvFK,pkLfE,60,LgjUb,Leicester,Midfielder,2021
18904,kQvVS,spkPE,66,TXTwq,Newcastle,Midfielder,2021
18931,iOWyb,LegJE,18,ASztc,Newcastle,Attacker,2021
18936,xQveh,fVyfy,00,TwqLy,Leicester,Defender,2021
18943,dwNct,GjXfW,09,PLmFR,Leicester,Defender,2021
19760,shDoy,CnTVg,13,IYYYW,Leicester,Defender,2021
148099,eWBeQ,HPjlt,48,FVsiQ,Leicester,Midfielder,2021
152969,JvfMN,UcTYM,81,UIyKG,Leicester,Defender,2021
171,eWjcA,JehFr,02,UiXRw,Southampton,Defender,2021
1098,yxnya,rBLHx,86,KoUUE,Leicester,Attacker,2021
1456,GzFra,gMjmh,26,TWGpX,Arsenal,Midfielder,2021
2114,GADiZ,JFlEs,98,Darnv,Southampton,Midfielder,2021
2275,KslUe,UdYMp,78,loLst,Southampton,Goalkeeper,2021
2778,NzaAt,PcWYp,73,DeDBr,Leicester,Attacker,2021
2925,kXYdP,oZgry,81,BZGGy,Leicester,Midfielder,2021
2938,XdLrp,ZuDKn,21,DAmiA,Southampton,Midfielder,2021
2999,wTeDY,sTQHU,32,DcjLa,Southampton,Defender,2021
18785,aeYQq,JEepx,99,JVYbF,Leicester,Midfielder,2021
18786,TZJor,FUrhP,18,asfjf,Leicester,Midfielder,2021
18788,dsKpP,YJUjK,39,gNsrG,Leicester,Attacker,2021
18935,HmtNj,rjfcx,14,MCqTF,Southampton,Goalkeeper,2021
18945,ljfej,praPv,26,NIQen,Southampton,Midfielder,2021
20600,ZHAmC,tkkXB,92,rorRN,Southampton,Defender,2021
22233,CBXhE,wSbEy,46,XZtkX,Leicester,Midfielder,2021
30476,XiKhE,QLNRE,33,AqYKC,Southampton,Defender,2021
47480,ZRmhB,lZTzX,32,IOCbq,Southampton,Defender,2021
138929,VvykE,xoXQh,43,wTFsO,Leicester,Midfielder,2021
158694,nfQrZ,iYteH,42,eSGkT,Southampton,Defender,2021
304,EdqxM,RUhKV,01,GIiyY,Liverpool,Attacker,2021
855,PhYiJ,rhScK,73,Mjisy,Manchester City,Defender,2021
1166,zXGxn,BsJhA,55,dVdsL,Chelsea,Attacker,2021
1234,fwEOn,UAWOF,94,wXwXr,West Ham,Midfielder,2021
2298,RAFtC,OGDPh,07,WzUcu,Chelsea,Midfielder,2021
18760,OuKLq,WdicX,81,mxyLM,Everton,Defender,2021
18769,zQoXc,DanhE,64,dRRMi,Southampton,Attacker,2021
18930,LhPYB,DPUiw,77,zaSlv,Burnley,Attacker,2021
18946,DIque,eRwqt,89,DIwjK,Southampton,Midfielder,2021
19360,DtXYu,felyv,87,mHpBh,Brentford,Midfielder,2021
19484,lUhDM,Pkhap,03,AzQEB,Southampton,Attacker,2021
19524,XNZBa,UzpVC,86,TBAMG,Southampton,Attacker,2021
20557,Ukatk,DClaa,54,tCDKO,Southampton,Midfielder,2021
26300,XHEqE,JhmFh,29,ZFHdI,Norwich,Defender,2021
138874,NMKxO,SxuHm,79,yhcKi,Brighton,Defender,2021
152963,nYZBi,uOBnD,53,MtbvZ,Wolves,Midfielder,2021
162189,cRkni,XfLOv,94,xHOGG,Brentford,Midfielder,2021
270139,OYBRM,ohLpW,04,kFmYz,Swindon Town,Defender,2021
278085,nygVh,fEAYK,60,Thzmz,Manchester City,Attacker,2021
282125,SZYdm,OlDGS,92,DCGyw,Manchester City,Midfielder,2021
326,JbCmA,ASTnE,00,bkvJN,Everton,Midfielder,2021
517,hlowP,iXrkl,26,mqLiw,Everton,Midfielder,2021
720,iaaMh,bgFQJ,56,TwuIa,Norwich,Midfielder,2021
874,NoQpo,AlrJd,06,UcmwR,Manchester United,Attacker,2021
1439,WqpLL,ZiEfi,77,rqAaZ,Arsenal,Defender,2021
1853,ntQad,pljdo,06,xpHmq,Wolves,Midfielder,2021
2461,pkIod,vLnRS,06,siVxN,Everton,Attacker,2021
2727,WTdoZ,mratW,11,pFOuG,Brentford,Goalkeeper,2021
2774,huehA,IfbbX,64,oxBfB,Watford,Midfielder,2021
3295,YkwIt,KxTQv,29,yMlAw,Brighton,Attacker,2021
15928,aDoid,VNCSr,28,gxkMN,West Ham,Defender,2021
18752,szEve,XymCh,53,THvDX,Leeds,Attacker,2021
18810,XdjKJ,eitZb,65,SjdkT,Watford,Attacker,2021
18834,sSfrb,pWSid,44,deaJO,West Ham,Midfielder,2021
18893,KHJKQ,CYutB,56,XeRfG,Newcastle,Defender,2021
19352,LbAMg,aOSHb,85,EUBeP,Brentford,Midfielder,2021
30503,exdtH,JmOjX,34,xnaQB,Watford,Defender,2021
31023,WvozE,kEtuz,11,gBqJE,Watford,Midfielder,2021
41112,RDqAB,yEKxq,46,XfKeC,Wolves,Attacker,2021
309815,RoRgE,vIdrG,86,svEaK,Watford,Attacker,2021
640,GhoKD,LjmjO,30,mVtdV,Manchester City,Midfielder,2021
652,ApczX,YghGn,45,VzaLV,Wolves,Defender,2021
623,cSOyx,putWR,47,FNgVT,Manchester City,Defender,2022
630,JxaUH,uwvew,60,IaEzD,Everton,Midfielder,2022
883,DxCtM,NgRsv,69,ZtNRS,Manchester United,Goalkeeper,2022
897,eqrNV,qoqGV,54,hXtkd,Manchester United,Attacker,2022
2281,PyEva,cAcZK,83,elaeZ,Bournemouth,Defender,2022
2288,wIYsH,XVmcn,86,TxHGO,Chelsea,Midfielder,2022
3398,SpvbZ,vpYwn,13,mcqyD,Nottingham Forest,Defender,2022
18826,BIAeL,kqBZI,34,MOuPv,West Ham,Midfielder,2022
138411,rDwsU,mbiis,27,bQNOv,Liverpool,Goalkeeper,2022
158696,ikjwU,BRXFh,69,wrQKo,Manchester City,Defender,2022
162517,Guegy,ZaUMY,49,iDRQE,Brighton,Defender,2022
284247,sHeDV,FEZLY,00,fdyiM,Liverpool,Attacker,2022
284464,hQKAR,KCjxq,98,jTKkK,Crystal Palace,Midfielder,2022
284530,Krykx,WCgZw,33,IGAlM,Leicester,Midfielder,2022
293162,LkTTX,HQzce,66,bUlmb,Crystal Palace,Midfielder,2022
293167,ZGytX,QWkpu,38,MfruD,Crystal Palace,Defender,2022
305732,EhjMx,dbMcR,42,CoQek,Leicester,Defender,2022
344908,QpcZs,howAF,79,MVTrT,Crystal Palace,Midfielder,2022
350590,mgmHY,XKfRa,28,rurau,Bournemouth,Defender,2022
350627,NWuIA,FiKTu,08,RyabV,Crystal Palace,Defender,2022
1093,eVLlw,SOnqk,44,GVFJR,Brighton,Midfielder,2022
19308,jhbVe,zCZIk,77,Ovjye,Nottingham Forest,Attacker,2022
152976,iMVWl,KnoEI,60,VMXBa,Liverpool,Midfielder,2022
152979,SWYaz,ztzVF,97,XuFRY,Liverpool,Defender,2022
153429,brYNy,KTgGU,78,DdgQI,Manchester United,Defender,2022
216770,NamVc,CTsmh,58,eMeaP,Manchester United,Midfielder,2022
278133,BRlrv,cqXRe,92,pbhYx,Manchester City,Midfielder,2022
282136,YjLlP,rRGGh,42,JzQDz,Manchester United,Attacker,2022
283289,qxaNL,SItGh,32,jYzsz,Aston Villa,Midfielder,2022
284286,EOHfi,pxEiF,31,VOWBZ,Liverpool,Midfielder,2022
284361,RWETp,tNisf,22,MdIsf,Manchester United,Goalkeeper,2022
284362,PMoIm,gjhiq,62,ZdcGY,Manchester United,Defender,2022
284391,JZKEH,VLFha,26,Zoodv,Manchester United,Defender,2022
284556,fVUSI,eamyk,51,JWtuA,Aston Villa,Midfielder,2022
288106,kHprm,bekox,28,NFAei,Manchester United,Defender,2022
288115,fAhan,zuqAb,68,QPXDc,Wolves,Goalkeeper,2022
291022,Xvoes,Jdavo,98,HtDDz,Tottenham,Goalkeeper,2022
303010,qTaUT,oWLJL,44,lDxAV,Manchester United,Midfielder,2022
312118,uyOMP,RGHJW,13,rLriq,Aston Villa,Defender,2022
328101,ivVIw,mSnYo,94,mflHV,Manchester United,Defender,2022
1131,BiBke,DGKVT,48,mzLgM,West Ham,Attacker,2022
1649,IKBdZ,gbEGh,61,IXNNp,Wolves,Attacker,2022
153408,kNMHv,tkEjp,18,QNZpi,Brentford,Defender,2022
154807,OsyEi,LKtZH,35,mFQhc,West Ham,Midfielder,2022
162114,DCGvG,skowy,45,SFGZl,Chelsea,Midfielder,2022
180866,owjqG,YcHMo,81,XUJQP,Liverpool,Goalkeeper,2022
181796,VivEp,VHSDs,95,arKnz,Chelsea,Defender,2022
196000,LKeKN,MlVbl,41,HrdXO,Bournemouth,Defender,2022
284253,WWpMk,nQDrE,07,WfwTZ,Liverpool,Midfielder,2022
284406,ASLGI,vvkzy,71,RGQhY,Chelsea,Defender,2022
284427,kunCd,rbwkv,21,hiPOd,Southampton,Defender,2022
284442,EFOUu,zcUhB,72,BLYuT,Chelsea,Midfielder,2022
284459,IASrL,SFEOW,72,eAeJF,Chelsea,Attacker,2022
284493,keQgQ,fnrar,56,PcQGS,Crystal Palace,Defender,2022
284539,ccvEV,KLwDV,61,xHzyP,Arsenal,Goalkeeper,2022
284557,yRcef,wFBDm,52,MZqcJ,Arsenal,Defender,2022
286764,MtxeI,IivXK,90,RolEJ,Liverpool,Attacker,2022
287111,nVlfy,vHhcD,28,wQwPO,Liverpool,Goalkeeper,2022
313245,CFBLi,KJVfZ,34,gUjRB,Arsenal,Midfielder,2022
331563,faEkD,WIwSE,90,PehJt,Chelsea,Attacker,2022
76,vyBYJ,NobZX,18,lNefA,Aston Villa,Midfielder,2022
632,akRZf,zHHZf,54,KBMbq,Manchester City,Midfielder,2022
18777,UOxIF,KdBtE,53,MIold,Leicester,Midfielder,2022
18803,lrGdx,lwmCt,22,OpfyT,Fulham,Midfielder,2022
19356,DlKDT,FjCrk,03,yHyvH,Bournemouth,Attacker,2022
19393,arvAg,aCXvD,42,MJOYa,Fulham,Midfielder,2022
19860,bfAri,qOYWM,25,GanYJ,Brighton,Defender,2022
37440,tTNjT,BtGOO,88,uyCod,Brentford,Attacker,2022
137302,PUbCC,UVPiR,99,sWufP,Aston Villa,Attacker,2022
153411,qwqBa,OHavW,92,NKAgI,Leeds,Defender,2022
157997,qmpmw,Zjyys,45,jYELz,Manchester United,Attacker,2022
161948,yyNML,ccINB,62,jAvXI,Manchester City,Attacker,2022
162590,tDDwz,IQYXH,72,cNntc,Liverpool,Midfielder,2022
195106,uJiTD,BmNia,98,kIDBV,Fulham,Attacker,2022
215874,lZqpv,AIKkU,74,hxHAY,Everton,Attacker,2022
231029,kuZGK,qZnhW,76,MpGdE,Southampton,Midfielder,2022
278128,ktLct,GzWis,96,vJNjm,Manchester City,Defender,2022
278232,dNJRZ,wvGLM,99,QIcGi,West Ham,Midfielder,2022
284405,LOrmP,kDTSp,44,uSyMC,Chelsea,Midfielder,2022
311520,wTZaC,iGpZe,91,YyfET,Arsenal,Attacker,2022
906,QWUOR,bOvfx,05,BTpIC,Manchester United,Midfielder,2022
17448,Zggpf,eLEcO,33,SCjZv,Nottingham Forest,Goalkeeper,2022
18779,txtNi,VsIXh,99,PlUaC,Leicester,Midfielder,2022
18820,LirPI,alhDa,00,slkKr,West Ham,Midfielder,2022
18885,gRNCg,cmwiz,84,CpjBB,Newcastle,Goalkeeper,2022
18972,cGRPb,OfFZK,63,MdFSH,Fulham,Midfielder,2022
19173,oFPiR,NBFxT,91,GqBxd,Wolves,Goalkeeper,2022
19177,EuZlO,AhkiC,29,yHyqr,Aston Villa,Defender,2022
19182,bnHIx,TXanR,90,uChPh,Manchester United,Defender,2022
19185,cOmMV,HQwcQ,46,PdZgo,Aston Villa,Attacker,2022
19454,eVIVw,QriFB,44,aiQej,Bournemouth,Midfielder,2022
19569,MxHQf,peDDt,15,PxnyB,Leeds,Attacker,2022
19831,FSvRR,XNsiz,17,uXrgO,Brentford,Midfielder,2022
149564,kSOvR,DSzDo,73,ySZXy,Wolves,Midfielder,2022
180560,RZoUi,LIrch,07,bRxwE,Manchester United,Midfielder,2022
284500,eDEyH,QLcvP,88,SIank,Aston Villa,Midfielder,2022
297187,aMXRO,AFcAc,48,bRztK,Leeds,Defender,2022
328808,CuZWz,GJCdW,85,OLZFw,Crystal Palace,Attacker,2022
68127,ZlidT,Wytrq,88,rUxrz,Newcastle,Defender,2022
126791,egPey,CHBxD,12,KjMEo,Everton,Attacker,2022
138793,gQluo,IxzSB,09,VncWt,Tottenham,Midfielder,2022
151756,aTwUh,saMBW,36,KsAVS,Bournemouth,Goalkeeper,2022
153407,ZDeOK,zTPUJ,95,eyZZf,Arsenal,Midfielder,2022
158432,LyZAA,PgeQv,37,PlOcn,Wolves,Midfielder,2022
158698,NhHux,GHiiR,56,gHOug,Liverpool,Defender,2022
163054,IWOdG,RPNHF,52,kmlCj,Manchester United,Attacker,2022
180289,ObbFp,ZnahX,43,QGyti,Bournemouth,Attacker,2022
191971,LsmYr,caroi,11,dOkMc,Fulham,Attacker,2022
266203,RDHEX,JFaSh,41,cvPWr,Crystal Palace,Attacker,2022
270357,sJhPp,LbXBy,37,VgDHq,Crystal Palace,Midfielder,2022
278129,xFCLj,sgNrB,63,SVwVv,Manchester City,Defender,2022
280672,UFnIA,BrgjN,88,ymndq,Brighton,Defender,2022
283290,IHXPC,mgpAv,66,oQLyk,Leicester,Midfielder,2022
284059,RaVbZ,NZImU,59,BozvN,Crystal Palace,Attacker,2022
284266,jqlRR,IEJhw,67,TITVn,Everton,Midfielder,2022
284423,rqqzv,jKrEC,77,IBwOI,Southampton,Midfielder,2022
284449,dNcMr,rDzEw,09,SJOxY,Crystal Palace,Midfielder,2022
339138,qrPKT,WBszS,20,olDbl,Nottingham Forest,Attacker,2022
182,Blisp,mERBB,47,bbkDR,Tottenham,Midfielder,2022
279,LflyT,BBTTu,32,atRUN,Nottingham Forest,Defender,2022
566,jssNV,wODzQ,83,WKjpq,Vitesse,Defender,2022
662,dTlGO,PKJwO,52,AzeXs,Tottenham,Midfielder,2022
842,IrzWa,slWEV,62,rjRUT,West Ham,Midfielder,2022
855,HEDTd,ijpVM,51,iVuRQ,Manchester City,Defender,2022
874,rtvoa,yVsVR,60,bmNrU,Manchester United,Attacker,2022
1166,esMJD,yJKyL,92,ActaR,Chelsea,Attacker,2022
2279,FAYpR,GYAhN,56,FxnkD,Chelsea,Defender,2022
18752,kMRYQ,TgUbg,61,TOFeG,Leeds,Attacker,2022
19043,AAGOZ,JidkB,41,NLMHe,Fulham,Defender,2022
46792,XzSPj,edwcD,43,SpcRa,Arsenal,Defender,2022
47302,RPrbe,GWTWN,37,QHrCz,Leeds,Defender,2022
138937,YQpvQ,HXHdS,91,ykcZT,Aston Villa,Goalkeeper,2022
152949,pNKcD,qMIEk,18,ICoIE,Southampton,Defender,2022
156490,kOKda,yexkf,82,ZbQoV,Everton,Defender,2022
284323,tUyvA,TsgzQ,77,Xeaux,Manchester United,Midfielder,2022
284457,IQHir,wmpWV,10,dZbrv,Aston Villa,Defender,2022
382163,ZjcpW,iGvkT,74,cYCfV,Bournemouth,Defender,2022
16,XcxDJ,UKgeo,97,gsNyH,Eintracht Frankfurt,Midfielder,2022
326,ZLmqx,PyEYu,71,OzTGx,Everton,Midfielder,2022
925,EIQCf,LXkfO,22,FKiNf,Wolves,Attacker,2022
946,qojFx,LBoHf,17,uQBas,Fulham,Defender,2022
1439,qFAqv,JOwyy,16,mtNNR,Arsenal,Defender,2022
1809,MjhXG,fsgym,61,aUZJo,Eintracht Frankfurt,Defender,2022
1853,blIqU,FCnsH,38,XjTol,Wolves,Midfielder,2022
2298,Hkzts,dLzNF,60,aeQbw,Chelsea,Midfielder,2022
2461,YTeVY,uYkkK,53,QvNaq,Everton,Attacker,2022
8451,UIBHj,XIbhc,13,zKQnL,Eintracht Frankfurt,Defender,2022
15884,cWsDX,EPbdO,43,CMAOE,Eintracht Frankfurt,Midfielder,2022
19352,BfRDq,QvFRS,52,ZiknD,Brentford,Midfielder,2022
24841,QpbaN,rvPFX,30,ZsTFU,Eintracht Frankfurt,Defender,2022
24894,TkjSW,QuVfQ,93,ywbty,Eintracht Frankfurt,Goalkeeper,2022
26291,gKzZd,rotwD,95,Yipgl,Eintracht Frankfurt,Goalkeeper,2022
138804,YkSTI,FNMLN,20,aKUxN,Manchester United,Goalkeeper,2022
161922,sBCYb,LgnQd,10,tczND,Eintracht Frankfurt,Attacker,2022
286369,dltzV,qtCjP,19,cqclL,Eintracht Frankfurt,Defender,2022
322505,KWhDZ,ZiUBj,48,zHyQH,Eintracht Frankfurt,Midfielder,2022
328214,ilyPI,iycFa,10,yINOQ,Eintracht Frankfurt,Midfielder,2022
2928,mFBBc,eccgm,02,Syjuk,Crystal Palace,Attacker,2022
3008,fgZyx,CerKi,95,WOOWv,Leeds,Midfielder,2022
18770,azoTO,mTBcq,15,VMAFY,Everton,Goalkeeper,2022
18893,gBTIl,dIdMv,70,gHhmc,Newcastle,Defender,2022
19195,xNuCk,RIpnQ,16,CTTSR,Aston Villa,Attacker,2022
19307,mlddQ,eiaQB,21,oIewt,Wolves,Attacker,2022
19309,cFHGp,puEPS,47,hzYCF,Nottingham Forest,Attacker,2022
19345,dagOR,bIuRU,22,MUZLJ,Brentford,Defender,2022
20093,JgblJ,JsZkS,74,TYghk,Bournemouth,Defender,2022
20503,WigmS,qOMLe,04,uuEph,Nottingham Forest,Midfielder,2022
37276,AabHF,PIXqa,77,vjsqK,Brighton,Goalkeeper,2022
40434,wWVFd,bHAJJ,53,nWIks,Brentford,Attacker,2022
41577,GHavk,pIyDV,75,dzwKM,Arsenal,Defender,2022
50816,sqpte,OiDqa,45,GFOoY,Nottingham Forest,Defender,2022
61178,Oqbfy,TZdFG,93,siWPp,Wolves,Midfielder,2022
64304,GWVbv,XvGOo,74,DbnRh,Brighton,Midfielder,2022
69257,LDeXh,xHyEQ,91,lZcvF,Brighton,Defender,2022
70767,vJhUH,yMnqH,70,huOiw,Nottingham Forest,Midfielder,2022
151754,CarkD,OQbio,78,uoaSh,Liverpool,Midfielder,2022
195717,ZkPNt,dtBlg,89,HaALt,Wolves,Defender,2022
378,vbwSA,KemME,67,aETBd,Manchester United,Defender,2022
1117,zoFIO,fREqn,91,lzAoS,Arsenal,Defender,2022
1440,GshMD,clZuD,37,wCgKQ,Arsenal,Defender,2022
2061,ecOys,TStOt,25,pnmaR,Tottenham,Attacker,2022
2597,cKAqP,wgeUs,91,NRoza,Arsenal,Defender,2022
18902,rPusa,xSgSS,44,HnPQO,Chelsea,Midfielder,2022
18978,ykuBb,eHdmp,71,mExcF,Brighton,Attacker,2022
19959,bfqxY,WGpfO,05,eSOWx,Arsenal,Defender,2022
20355,eghLt,AxDMu,79,FzGsC,Arsenal,Goalkeeper,2022
22090,RWbAM,pazAm,27,NiBYS,Arsenal,Defender,2022
22224,uHeBu,mTQxU,15,bnNFm,Arsenal,Defender,2022
50999,kEXnI,FusDz,87,spcyE,Arsenal,Goalkeeper,2022
56296,CSflY,OncEh,00,AnSru,Vitesse,Attacker,2022
61431,cPrgu,aiuVH,38,gcWha,Arsenal,Defender,2022
138843,VGmyN,tFqgm,00,jVGkN,Arsenal,Goalkeeper,2022
169295,ZbFqY,DjAoM,25,vNvCr,Arsenal,Goalkeeper,2022
174918,ZprjX,Axhgu,26,vcfxW,Nottingham Forest,Defender,2022
231062,vSgCi,wtAKx,97,jBKNd,Arsenal,Goalkeeper,2022
284439,VEkyV,cvudy,49,brNpz,Arsenal,Defender,2022
309505,HLjPQ,jTDeR,12,IYZhd,Arsenal,Defender,2022
158,eDpIV,VJQLH,12,NbqWV,Fulham,Goalkeeper,2022
1578,CmehE,LjFBI,17,YWcfx,Tottenham,Midfielder,2022
2852,OcPmz,WszYB,35,yDNtN,Aston Villa,Defender,2022
18742,hQJrY,nOdMJ,29,HEFyl,Tottenham,Defender,2022
18906,EGJgf,SslmE,83,jIjVW,Leicester,Attacker,2022
18949,oSzRN,xVTJS,71,cxkIF,Southampton,Midfielder,2022
723,AtEjG,neGtm,70,Sjhge,Newcastle,Attacker,2022
742,ttjQF,OtgGa,36,Ylxxy,Manchester United,Defender,2022
882,rSzeT,PAKTJ,50,HQyhs,Manchester United,Goalkeeper,2022
886,obzCX,VfGmG,85,nvHjo,Manchester United,Defender,2022
888,npyGI,AhuJk,47,aladS,Manchester United,Defender,2022
889,NZMAW,bUvFw,76,LxGqy,Manchester United,Defender,2022
2467,CmeNd,wUfJJ,62,EvBtF,Manchester United,Defender,2022
2864,TCZNU,OdWyc,62,EJFgC,Newcastle,Attacker,2022
2930,tAXRN,OAMjU,37,edhcQ,Manchester United,Goalkeeper,2022
2931,youiO,tylvE,32,yLMFh,Manchester United,Goalkeeper,2022
2935,PEfhw,qPsvv,48,riphy,Manchester United,Defender,2022
2939,ZyXUv,IBlpb,92,TtTbC,Newcastle,Attacker,2022
10135,ykzLi,JLoZZ,65,EtlHi,Newcastle,Midfielder,2022
20319,VDPVy,jnYHN,93,KtQdJ,Manchester United,Goalkeeper,2022
22173,afHEy,JvuCW,12,oiguA,Newcastle,Attacker,2022
37145,hFwMn,NBacO,92,mZzzx,Manchester United,Defender,2022
130419,KtGfg,ncWrA,58,PLUyI,Newcastle,Midfielder,2022
138787,pfarg,WomgJ,09,DmtLx,Newcastle,Attacker,2022
284291,QmivA,qYCRu,07,kPjBy,Newcastle,Midfielder,2022
328105,mjwzq,uvrac,36,uqcVM,Newcastle,Midfielder,2022
5,AvPmD,Zgliv,74,omDbJ,Manchester City,Defender,2022
567,IQwSD,peZZy,90,QLzYS,Manchester City,Defender,2022
617,dKYAn,wUbiG,40,kSLMp,Manchester City,Goalkeeper,2022
622,pqYeh,cUexC,82,cAUXi,Manchester City,Defender,2022
626,tWxbJ,wRTDE,19,LtaRM,Manchester City,Defender,2022
627,nDzMm,LPQLw,94,JoQxi,Manchester City,Defender,2022
643,BajQH,DNccI,12,WMZDw,Arsenal,Attacker,2022
727,IGkoM,UpwHW,15,sKEOj,Arsenal,Attacker,2022
1468,iSWtJ,ZXJBP,22,abUuN,Arsenal,Attacker,2022
1946,ZKFuE,dFZKz,15,QzMta,Arsenal,Attacker,2022
18861,apRMj,pjGbT,68,PXNzT,Manchester City,Defender,2022
19130,GWPUv,QzDGG,74,qEfkI,Manchester City,Midfielder,2022
19197,tWKkk,qzZqe,34,DwLEv,Manchester City,Goalkeeper,2022
25004,Ghywo,RUYwc,27,fyFxd,Manchester City,Goalkeeper,2022
127769,JwITE,lJZWm,54,CnVGd,Arsenal,Attacker,2022
284062,IpnXC,muGfe,70,lgbXY,Arsenal,Attacker,2022
284230,hrBhG,qkrQz,41,lqksl,Manchester City,Defender,2022
284356,zfvVE,WDjcD,16,iwiZc,Manchester City,Defender,2022
284571,QCMBS,wMTNr,08,nTxCL,Arsenal,Attacker,2022
309507,gfCbF,bJAJU,54,RRFJj,Arsenal,Midfielder,2022
23,hxjFd,MLjIb,84,EiFys,Manchester City,Midfielder,2022
44,RvwNy,TfRpp,94,unLrf,Manchester City,Midfielder,2022
169,Ditbc,vLYTS,69,JCKAa,Newcastle,Defender,2022
629,HIQhz,LeibH,76,sLHHd,Manchester City,Midfielder,2022
631,CvHRs,zYEku,66,jWuns,Manchester City,Midfielder,2022
633,ixCzX,SvmCs,70,GDLzD,Manchester City,Midfielder,2022
635,dEogB,ONTQp,11,ZssMP,Manchester City,Attacker,2022
636,pHDZv,uNjGo,66,YgFdV,Manchester City,Midfielder,2022
1100,gIAOA,QjPXA,42,OsLXg,Manchester City,Attacker,2022
1972,SFitZ,cLNmm,57,rhcpb,Newcastle,Goalkeeper,2022
6009,IPHGt,mNpbq,22,UqMZp,Manchester City,Attacker,2022
18886,sEVpT,Sixmv,72,ZArKl,Newcastle,Goalkeeper,2022
18892,RwxYU,raUeF,82,DwObJ,Newcastle,Defender,2022
18911,fDNNd,SchUe,95,jbPkn,Newcastle,Goalkeeper,2022
19187,iznXO,vyDyh,08,CZChM,Manchester City,Midfielder,2022
44912,amntt,OACAe,53,zgEde,Newcastle,Goalkeeper,2022
144733,uGKgq,uszKd,43,pXlhE,Manchester City,Midfielder,2022
152982,rXfDx,sjBNx,28,JncRq,Manchester City,Midfielder,2022
288109,bUBdx,bgCCL,50,pzlqW,Manchester City,Midfielder,2022
288699,zseMW,MErMa,02,zDjgP,Manchester City,Midfielder,2022
1463,IYrbQ,YfwLB,78,IwaQV,Newcastle,Midfielder,2022
2507,HCsMG,hzvtn,31,MyPJF,Newcastle,Midfielder,2022
2806,ytrxn,ZyNKq,13,SbBOn,Newcastle,Defender,2022
2855,SyQqT,kSkQi,91,XaBiQ,Newcastle,Defender,2022
18873,Ijlyr,HVyRe,64,eSrLs,Newcastle,Midfielder,2022
18894,AzdYS,ZYnYt,98,zavZD,Newcastle,Defender,2022
18896,IoLoC,npXsz,97,JeWAc,Newcastle,Defender,2022
18901,TJBDe,wIeLH,96,IEHDW,Newcastle,Midfielder,2022
18903,lSUmf,IVBjS,12,wquXk,Newcastle,Midfielder,2022
18941,moDnA,FXfhm,72,yEnat,Newcastle,Defender,2022
18961,SdRMI,fBtCV,95,zJXYe,Newcastle,Defender,2022
19076,gKfsx,lPdYp,29,MbPYn,Newcastle,Defender,2022
19163,bDtSX,hvCnE,65,ZEgoA,Newcastle,Midfielder,2022
38734,caAJl,vJbRX,31,pwnoB,Newcastle,Defender,2022
138908,LgQdc,Oulft,45,MDecJ,Newcastle,Midfielder,2022
171058,eErOD,sthUK,73,qngPk,Newcastle,Defender,2022
147,UIeQN,zTiaI,16,WwnCH,Aston Villa,Midfielder,2022
766,IipSh,BXiUg,38,PZGLF,Aston Villa,Goalkeeper,2022
894,hlrgv,OIRmV,17,OgMYs,Aston Villa,Defender,2022
2724,wOrQC,XBLjd,17,rxImi,Aston Villa,Defender,2022
2922,fxnkH,SPEPN,07,AmGbq,Aston Villa,Defender,2022
19016,QBkug,BapRr,36,quxjx,Aston Villa,Defender,2022
19071,VUJfI,lIzON,19,XmqKC,Aston Villa,Midfielder,2022
19174,pIdZN,vzdhc,84,fOBEY,Aston Villa,Goalkeeper,2022
19179,mrTyr,XjSbv,86,TRdci,Aston Villa,Defender,2022
19191,hQWMd,GxvAE,32,plYtG,Aston Villa,Midfielder,2022
19298,EZOHZ,VQnQG,25,BWkuz,Aston Villa,Defender,2022
19354,OHwzl,HOoBy,33,nQInP,Aston Villa,Defender,2022
21090,eqmJa,wZQYf,54,wJjcw,Aston Villa,Defender,2022
47522,lisdc,XUHiv,79,LcnTI,Aston Villa,Midfielder,2022
47547,caPQi,rkkmq,79,JVhSS,Aston Villa,Defender,2022
148270,hobGo,Bjute,66,txxKC,Aston Villa,Goalkeeper,2022
169291,KrWRW,HvQDq,61,GFIzm,Aston Villa,Goalkeeper,2022
278123,yvHJp,eYwNb,60,swjVC,Aston Villa,Defender,2022
284390,SGXmA,OKTld,39,zcGfY,Aston Villa,Goalkeeper,2022
284523,QkVoS,XpNiY,83,TEdpY,Aston Villa,Defender,2022
18,RnwNR,otZgV,10,UYJJu,Manchester United,Attacker,2022
159,MXcPs,tKHpz,87,kbVEY,Tottenham,Goalkeeper,2022
174,zZpcV,nCKNm,66,JzXYJ,Manchester United,Midfielder,2022
547,AULIm,wTVzg,24,cnVrj,Manchester United,Midfielder,2022
747,mHIUk,QsQbQ,90,tMFmd,Manchester United,Midfielder,2022
903,UNrqo,Xahym,04,kPNJK,Manchester United,Midfielder,2022
905,RxKFD,sUYll,78,QEyJW,Manchester United,Midfielder,2022
908,LFqPs,ziVQY,99,zNqPs,Manchester United,Attacker,2022
909,gZoxa,HwXkR,92,ikjEp,Manchester United,Attacker,2022
1159,xHjhV,QczQa,28,afslB,Manchester United,Midfielder,2022
1485,tSyXh,clSgV,50,KgzqN,Manchester United,Midfielder,2022
9971,XrYrp,unkdp,33,ccIJH,Manchester United,Attacker,2022
18932,pTluk,Xdvbx,38,xmNFd,Tottenham,Goalkeeper,2022
25416,HOmDC,qShub,44,kOejS,Manchester United,Attacker,2022
70078,MMjOh,ZzNor,16,GMlmj,Manchester United,Midfielder,2022
153430,KmYtR,ULcLM,44,ZZQeT,Manchester United,Attacker,2022
156428,VcmUu,GUwFU,23,UzSYG,Tottenham,Goalkeeper,2022
284295,zQEYm,VJjqF,64,kBGxW,Manchester United,Midfielder,2022
284322,hyOnp,gxxSt,72,gTxki,Manchester United,Midfielder,2022
284324,qUVqA,fBJNw,70,bpssk,Manchester United,Attacker,2022
133,EXPsy,NEgNa,55,LAZek,Tottenham,Defender,2022
161,tirRz,rhUlK,79,vfzXD,Tottenham,Goalkeeper,2022
164,otCJg,ANmxs,68,VGKUH,Tottenham,Defender,2022
168,xQLEI,intbK,30,bcDho,Tottenham,Defender,2022
175,KCLSt,yYFqm,34,RVjWk,Tottenham,Defender,2022
180,JdDYU,fEztM,97,fYTsc,Tottenham,Midfielder,2022
207,FgrlY,IFqBn,71,VOgYI,Tottenham,Midfielder,2022
1566,MsrMr,IECzZ,54,nKUjj,Tottenham,Defender,2022
2735,cGeQL,anFDc,36,NeFTS,Tottenham,Midfielder,2022
19032,MREJF,CoJQH,34,bNJON,Tottenham,Midfielder,2022
30435,Cgczr,SwIAk,81,Ggnaf,Tottenham,Midfielder,2022
30776,PBivK,bsfNf,51,djBNc,Tottenham,Defender,2022
47519,vnZlG,hltpX,16,raNAG,Tottenham,Defender,2022
60353,uVIvc,UYsGB,67,rDGTr,Tottenham,Defender,2022
149550,pFldp,BWeOG,48,IksYJ,Tottenham,Defender,2022
154800,BUoHS,UzCmo,15,pnKzA,Tottenham,Defender,2022
162607,vmHbE,qZWnU,54,NzEBJ,Tottenham,Defender,2022
237129,thDqd,wPBom,02,LqZsg,Tottenham,Midfielder,2022
311817,MIUel,Teyag,20,swAXw,Tottenham,Defender,2022
331009,zLXgw,Uwhxg,89,Btfte,Tottenham,Defender,2022
283,PVIiW,KlnZI,43,efRfQ,Liverpool,Defender,2022
284,OtRuW,NUrrZ,87,LvuLd,Liverpool,Defender,2022
286,nlnpd,jEQei,04,jHHuB,Liverpool,Defender,2022
289,idjOr,SqftQ,21,URvDi,Liverpool,Defender,2022
290,COqpR,RBKvq,67,iCjdy,Liverpool,Defender,2022
292,lRair,RxuYS,74,YCTXD,Liverpool,Midfielder,2022
293,BsdRA,akZun,15,jKUfN,Liverpool,Midfielder,2022
294,PZqYK,THJAT,74,WncUx,Liverpool,Midfielder,2022
296,qPSza,tXonD,17,SWlmI,Liverpool,Midfielder,2022
297,ABDCH,cFCmi,41,MjIzH,Liverpool,Midfielder,2022
299,IjHdB,KLwia,51,lMNjn,Liverpool,Midfielder,2022
507,ZnwIT,MQSoL,69,YJfhH,Liverpool,Midfielder,2022
1145,dZFSh,LrQBO,27,TbcNz,Liverpool,Defender,2022
1600,ijRoV,txGSk,88,NfQtl,Liverpool,Defender,2022
19035,NmIlS,gcCcS,57,HlJix,Liverpool,Midfielder,2022
127472,AitQF,NXPhl,42,bDSAR,Liverpool,Defender,2022
135525,AEwZa,UGaaF,52,PdHrO,Liverpool,Defender,2022
162904,rYEkx,ujOoI,25,Diqbz,Liverpool,Defender,2022
180316,FKwMv,GLrtH,27,mmSyf,Liverpool,Goalkeeper,2022
310187,hZsVI,RLcEo,92,EPVdP,Liverpool,Defender,2022
537,vuPnb,lbrRX,60,txWPQ,Brighton,Defender,2022
671,EDSDO,AevDY,56,pHqFI,Aston Villa,Attacker,2022
983,rMpgN,fnNoz,11,dWCFM,Aston Villa,Attacker,2022
1904,nmxwJ,rhhxj,14,hPDgj,Aston Villa,Midfielder,2022
13489,QrmNK,IUqqB,81,wHRxd,Aston Villa,Attacker,2022
18959,Nsxre,RStGX,31,LeGup,Brighton,Goalkeeper,2022
18960,GHwqg,gHKjH,36,ZGfEG,Brighton,Goalkeeper,2022
18963,zkGHS,ftPEj,28,objdo,Brighton,Defender,2022
18973,eMJjy,ROIkp,02,ksyfM,Brighton,Midfielder,2022
19192,MplVi,AccAR,68,KlTjY,Aston Villa,Midfielder,2022
19265,zVMhl,rEkrO,04,AINaf,Brighton,Defender,2022
19366,fYjLl,kGSWb,09,Qnpux,Aston Villa,Attacker,2022
38695,nefHV,grISs,05,gWVZb,Brighton,Defender,2022
46731,mIFoC,bVZfm,49,jBspL,Brighton,Defender,2022
138815,rKQTa,luZlB,15,IAQuw,Brighton,Defender,2022
152953,tjbJD,AXZet,30,RmNZT,Brighton,Defender,2022
167663,EtGJZ,GBCGU,66,tdUoX,Brighton,Goalkeeper,2022
282254,sLvKS,DRKBp,28,wGrcT,Brighton,Defender,2022
312260,sgdum,vZlmx,03,fBAkN,Aston Villa,Attacker,2022
2927,LivtB,LgVjG,17,oHhvt,Chelsea,Attacker,2022
6716,WfywA,taxQd,43,VpVOv,Brighton,Midfielder,2022
18970,HPFdc,dXjfn,99,ZDPsD,Brighton,Midfielder,2022
280,GSbcK,usZTG,25,HeWZt,Liverpool,Goalkeeper,2022
281,Jcwjq,jiCGD,46,eGedl,Liverpool,Goalkeeper,2022
295,ivYVJ,WBvPZ,81,QkOAC,Brighton,Midfielder,2022
1469,rLqDD,eTbwh,16,yHAbA,Brighton,Attacker,2022
18812,HHlqd,vYbdI,76,cOQcs,Liverpool,Goalkeeper,2022
26475,NaDcq,nJpye,74,xhSMl,Brighton,Attacker,2022
40911,HWNus,ZFyWF,98,Amxlp,Brighton,Midfielder,2022
70747,pwpWV,GNdsT,18,mVYCR,Brighton,Midfielder,2022
106835,rUpOm,MWdRD,28,SemCr,Brighton,Midfielder,2022
116117,eIhtZ,JAkNi,30,SpPPB,Brighton,Midfielder,2022
129643,xIJFg,Putaw,22,KUtOj,Brighton,Attacker,2022
130423,WuSsN,FVwlh,26,XNxwa,Brighton,Midfielder,2022
137220,fYlip,dYaNg,41,AGTWG,Brighton,Midfielder,2022
202086,pBROH,tBxlU,16,QZunC,Brighton,Attacker,2022
216809,deyhz,wOfRx,42,wJCuD,Brighton,Midfielder,2022
265820,QcyIa,cYdYZ,65,mZWOk,Brighton,Midfielder,2022
296121,NniyK,LsxMm,48,tbugU,Brighton,Midfielder,2022
305730,aYpGQ,KMCtu,99,HViah,Brighton,Midfielder,2022
311334,utyzf,UrEfx,99,LlOIb,Brighton,Midfielder,2022
1119,jBjDX,ZxKdn,44,omOwI,Brentford,Defender,2022
1835,FdxHa,cNOzp,25,psCEI,Brentford,Goalkeeper,2022
2731,eXeVl,VFwON,87,SoHLz,Brentford,Defender,2022
15745,taqNu,ICKiw,36,NpVkL,Brentford,Defender,2022
18917,OgZmx,pXToQ,09,jJvcX,Brentford,Defender,2022
19124,JyPpE,qgtYU,77,Uqauz,Brentford,Defender,2022
19346,VgvuV,MSyJm,50,EDzzf,Brentford,Defender,2022
19465,VwFqN,PBipp,41,UNmCb,Brentford,Goalkeeper,2022
19789,xuPTA,dyNZu,87,HtOod,Brentford,Defender,2022
30407,FdJlF,ktcEU,13,dBDdh,Brentford,Midfielder,2022
44871,EsAWi,Xzbdc,70,dDKtK,Brentford,Defender,2022
47438,TLpev,WLrcl,51,mJWgk,Brentford,Midfielder,2022
51617,RGnPb,sxMzj,08,spGVm,Liverpool,Attacker,2022
152977,KeFcp,yvmbC,24,PRRSF,Liverpool,Attacker,2022
191337,wYpkx,nVcYa,20,NyWKW,Brentford,Defender,2022
276263,kacNY,XtKfa,18,OyLHo,Brentford,Defender,2022
278041,GeWxF,DYxnu,18,tWmaY,Brentford,Goalkeeper,2022
284248,zCgpx,fMxac,88,cpofA,Liverpool,Attacker,2022
334729,kOFou,sZgIK,47,QBADA,Liverpool,Attacker,2022
343576,HoXvo,PaTJf,11,pFFAN,Liverpool,Attacker,2022
2699,uXsws,zFBdF,83,wuduK,Brentford,Attacker,2022
15799,VkMIn,ltGeZ,89,CUBph,Brentford,Midfielder,2022
15908,bBcRY,VxfDe,59,FCymh,Brentford,Midfielder,2022
19362,rOaoG,SNLlU,49,CMnbt,Brentford,Midfielder,2022
19974,KKzXQ,nwJGJ,41,jVLUV,Brentford,Attacker,2022
20110,IqdLN,Tqpfv,43,orFMd,Brentford,Midfielder,2022
20649,HGWqp,DPXHI,99,OiwKU,Brentford,Attacker,2022
25073,SMgno,hbfAP,31,iHJcz,Brentford,Midfielder,2022
178077,sDGiJ,kYTjc,77,gkteY,Brentford,Attacker,2022
263538,wBHdv,YUrdn,54,jDpAq,Brentford,Midfielder,2022
382925,yWMNW,bEIaV,79,lwMDQ,Brentford,Midfielder,2022
20589,lLzAl,OfPhk,42,NUAUk,Brentford,Attacker,2022
106725,fSHdj,syazg,16,DEEqD,Brentford,Attacker,2022
284474,uRWao,FPzmY,44,HDUJs,Brentford,Attacker,2022
95,hkLPa,cxoHN,97,uNCUl,Chelsea,Defender,2022
104,PwqKH,vJVvO,41,gpdmz,Fulham,Attacker,2022
259,pDsXh,pogKW,37,IOQeE,Chelsea,Defender,2022
2273,FHBpC,tBnms,83,hHZOL,Chelsea,Goalkeeper,2022
2294,Zxjug,EgvRP,56,aYrWk,Fulham,Attacker,2022
2825,hSLcy,dEXeU,20,IeGeB,Fulham,Attacker,2022
2933,MPPMp,wLQPZ,42,oUvwM,Chelsea,Defender,2022
2986,PuGQb,tcxYJ,60,yZqLU,Chelsea,Goalkeeper,2022
19004,IRIWi,pOSni,13,GLRhM,Fulham,Attacker,2022
19012,rWJAB,QHCxU,13,tZqYT,Chelsea,Goalkeeper,2022
19329,gMUOi,HmJay,32,LWkns,Fulham,Attacker,2022
19545,PxUOg,jBaKI,81,kCGJq,Chelsea,Defender,2022
19720,jNgIg,vCcpP,76,xsHse,Chelsea,Defender,2022
64167,edkjB,gkdYw,32,rENif,Chelsea,Goalkeeper,2022
152955,nUnvo,RaCfQ,03,KVzIE,Chelsea,Goalkeeper,2022
174174,LNcQI,yRzxk,56,WrNCf,Fulham,Attacker,2022
284475,xIprN,PmLpj,34,DmTmw,Fulham,Midfielder,2022
335116,PxoRJ,zSpKI,98,nSwJz,Fulham,Midfielder,2022
359386,HZSlD,spnEh,40,OAyHA,Fulham,Attacker,2022
378868,HBTDU,wtcQO,10,zsiLn,Fulham,Attacker,2022
17,cQUqf,hNEEY,77,CvqiV,Chelsea,Midfielder,2022
318,dSrJy,XmfxX,18,ZeegK,Chelsea,Defender,2022
548,TnMZp,pyFjK,27,CGRAC,Chelsea,Midfielder,2022
978,fYmbU,TmvWZ,20,xHwrB,Chelsea,Midfielder,2022
1465,nPjcE,cnEcN,21,sGmOs,Chelsea,Attacker,2022
2280,PSbms,qyuOi,11,wbnYT,Chelsea,Defender,2022
2290,LodWU,wxQLu,40,VARLp,Chelsea,Midfielder,2022
2291,eKYqA,ADveI,05,dsKIc,Chelsea,Midfielder,2022
2292,HCvXO,wvrTr,68,PUVLK,Chelsea,Midfielder,2022
2810,KdNiF,wteij,43,TDcEl,Chelsea,Midfielder,2022
5996,NCZPJ,xLmzK,45,bNBro,Chelsea,Midfielder,2022
19220,fGAOc,uTUPQ,67,wbQgt,Chelsea,Midfielder,2022
22094,VpMoV,fnxlc,60,YMfEW,Chelsea,Defender,2022
47380,KjjUn,ClVdZ,47,ehYbT,Chelsea,Defender,2022
63577,HobBE,SSVom,17,NRmmS,Chelsea,Midfielder,2022
67972,oObwx,ppzkr,63,nztpY,Chelsea,Midfielder,2022
138935,EaQuD,sYzBF,10,LgKzr,Chelsea,Midfielder,2022
274550,MbuxA,LsxzV,69,lXWFm,Chelsea,Midfielder,2022
284428,HoAzn,wpjvM,73,WTehz,Chelsea,Midfielder,2022
284492,OaSVe,flNCa,66,tbSpC,Chelsea,Midfielder,2022
583,FVVsd,gkYKJ,39,feVpw,Chelsea,Attacker,2022
645,GrSbx,dKoKL,03,GyZgs,Chelsea,Attacker,2022
18835,bkIXY,BMFsQ,64,GZKLd,Crystal Palace,Goalkeeper,2022
18847,xNLxB,EfZEe,12,fTbLG,Crystal Palace,Defender,2022
19143,KMDby,UpuNN,50,RtJpd,Crystal Palace,Goalkeeper,2022
136723,VIxnx,cSbic,39,sMIFm,Chelsea,Attacker,2022
138822,ofFRk,bYTXK,76,FxHpD,Chelsea,Attacker,2022
182201,MEhRN,oPLHl,96,gHEjN,Crystal Palace,Defender,2022
284549,LFkAU,entlV,86,uZBfd,Crystal Palace,Goalkeeper,2022
284554,PGsNc,qnNAQ,98,ncEmH,Crystal Palace,Goalkeeper,2022
291476,XlyDK,CoiWi,62,icNaW,Chelsea,Attacker,2022
2729,KyRSZ,WShOv,24,OoycB,Crystal Palace,Defender,2022
18844,Ngaka,ckeeb,79,zbOlf,Crystal Palace,Defender,2022
67971,QaDZd,AvSVB,45,FYEgk,Crystal Palace,Defender,2022
130,EYFdM,ehgtV,43,hSjTD,Wolves,Defender,2022
1135,TdQsN,EJBhU,91,OuYLC,Crystal Palace,Attacker,2022
1590,ExIfi,RObdX,26,gyRrs,Wolves,Goalkeeper,2022
3247,WWYrF,LLQrK,09,GBQsV,Crystal Palace,Attacker,2022
3428,kFPqs,PfpZk,55,bqGdA,Crystal Palace,Attacker,2022
18740,QjVYo,buVju,94,kNllY,Wolves,Defender,2022
18744,dPsGE,tgZet,01,LyEWt,Wolves,Defender,2022
18947,UQbLL,fOYvk,22,pnhAL,Wolves,Midfielder,2022
19147,EaJuo,DqxFg,48,peQPL,Wolves,Defender,2022
19341,DhchN,SZBPu,37,oQyYr,Wolves,Goalkeeper,2022
19495,TAhKQ,NuZGo,28,vRAyw,Wolves,Defender,2022
21138,esVBG,EgHhs,97,YdKVL,Wolves,Defender,2022
25927,ikvsx,aFCWY,19,rubzl,Crystal Palace,Attacker,2022
41606,BlgEb,vuVVy,08,ejswZ,Wolves,Defender,2022
144741,PzJdw,HeLWG,83,qoSVu,Wolves,Goalkeeper,2022
152957,oXktD,RyeMk,26,fascI,Wolves,Defender,2022
157912,GYRmT,FMEEE,90,JPZox,Wolves,Midfielder,2022
280687,PWvnZ,coyJC,72,NvsRa,Wolves,Defender,2022
284237,OhXtG,Kfqcf,73,AOUAA,Wolves,Defender,2022
313636,bbMKv,uPnHW,08,LzyrJ,Crystal Palace,Attacker,2022
1605,smGcz,uGbqr,78,bevdb,Wolves,Midfielder,2022
2056,qvAKn,wBEpZ,27,ueaku,Wolves,Midfielder,2022
2676,eGEEM,aNpAB,54,nPetT,Wolves,Midfielder,2022
54,kDSfC,nKQiY,82,IHyJw,Wolves,Attacker,2022
253,igjKF,FNPxA,91,tJBFO,West Ham,Goalkeeper,2022
1165,xFAIr,oxnKR,11,JyIig,Wolves,Attacker,2022
1864,AJQtp,GoyVk,44,oKGni,Wolves,Attacker,2022
2677,KCJTE,ehXIn,99,QtHTJ,Wolves,Midfielder,2022
2887,QEmYp,wgnBO,88,FLwBY,Wolves,Attacker,2022
2997,pdqUM,IACym,70,GUPKP,West Ham,Goalkeeper,2022
7722,sFxoK,lZRSL,62,HTQkz,Wolves,Attacker,2022
18753,vdoSL,RuFeS,30,boDWW,Wolves,Attacker,2022
18813,VyJKP,zLnVv,42,dCQFK,West Ham,Defender,2022
18823,hwxHn,llFvN,10,OxPTm,West Ham,Defender,2022
24888,sfePJ,aBgXQ,23,fNYPY,Wolves,Attacker,2022
41621,dPFKX,ehGsn,93,DjZrl,Wolves,Midfielder,2022
144709,STCzw,RqXSr,38,XbsWn,West Ham,Goalkeeper,2022
144723,BDTHo,gWKZM,02,ZaWOC,West Ham,Goalkeeper,2022
195103,IwkNs,Rqbsm,75,aFWmL,Wolves,Midfielder,2022
195962,hCmIb,vYAGJ,86,ihSBH,Wolves,Attacker,2022
204033,shqOh,mJIfv,34,dQLDD,Wolves,Midfielder,2022
284262,DCbvH,UKBdo,01,jYgVW,Wolves,Midfielder,2022
303019,SqKZa,PpeMp,17,TXdxg,Wolves,Attacker,2022
415,ptBbe,iwTeb,00,EqLbg,Leeds,Midfielder,2022
533,CXClX,WVYEX,81,SAfId,Leeds,Defender,2022
1150,nUCjY,LaBxg,72,oVlMR,Leeds,Midfielder,2022
2048,rWxxb,IcmEA,71,WzLkT,Leeds,Defender,2022
19127,LmmBC,hlpwB,44,ILnOI,Leeds,Midfielder,2022
19128,sEcAj,cpsOY,12,zhQxh,Leeds,Midfielder,2022
19134,dfcFi,rMuLG,95,GzITz,Leeds,Attacker,2022
37724,qYPRd,fXijw,08,wayaV,Leeds,Attacker,2022
47341,dyRin,UoOYg,80,DnMpg,Leeds,Midfielder,2022
50739,wpBbE,tFVjD,27,oxBkn,Leeds,Midfielder,2022
131278,rQMIm,RzdzQ,15,SVnQS,Leeds,Midfielder,2022
273760,NFXwh,bXvQR,34,AzQci,Leeds,Midfielder,2022
278235,iMEMq,MrlOo,25,CNmnI,Leeds,Defender,2022
278242,nAdlO,XqZGC,66,UlTMX,Leeds,Defender,2022
282124,XcUOy,fZYGv,49,mYFWp,Leeds,Midfielder,2022
284408,TZwoD,FtbvD,60,HoojM,Leeds,Attacker,2022
289608,RCFdp,KwELd,74,WGOkl,Leeds,Midfielder,2022
296085,LaXcf,kDSZY,37,XPARL,Leeds,Defender,2022
328089,UjTHa,eHqDA,14,NAuXL,Leeds,Midfielder,2022
334734,rWQAD,ZUram,12,nJAkm,Leeds,Defender,2022
1125,eZDMX,GLAIl,84,lCyuK,Bournemouth,Midfielder,2022
2490,RgJvl,DvTCl,15,hJWgA,Bournemouth,Midfielder,2022
2734,MniJg,lAeyb,44,YBonE,Bournemouth,Midfielder,2022
18870,pBLKl,TirYG,08,mapvY,Bournemouth,Midfielder,2022
18872,NINcI,RmIyh,80,bqlLz,Bournemouth,Midfielder,2022
18878,ZxnJx,bWrjT,19,gBNAU,Bournemouth,Midfielder,2022
18883,bVBJi,CqDKs,32,NsPYM,Bournemouth,Attacker,2022
19245,cUZPS,lWXRA,02,JIxcM,Bournemouth,Midfielder,2022
19281,CqyNh,XvOVg,63,pWWvz,Bournemouth,Attacker,2022
19482,VpMMu,mPOmE,53,quAAb,Bournemouth,Midfielder,2022
19804,hIBSB,Ldvcx,97,LCwbL,Bournemouth,Attacker,2022
31057,wkbNe,XTFac,81,nYkDg,Bournemouth,Midfielder,2022
196855,WSaUR,euAWO,10,XZuUF,Bournemouth,Attacker,2022
284797,aQpMY,AHIUb,16,OEvkM,Bournemouth,Attacker,2022
334725,nfsyK,vewSO,35,TnJif,Bournemouth,Midfielder,2022
347066,xJyMI,KMTaA,21,qeNYu,Bournemouth,Attacker,2022
382160,nAKlT,avyLk,66,uzKfn,Bournemouth,Attacker,2022
382167,RgRmr,FXlWl,50,fLNRI,Bournemouth,Midfielder,2022
382930,grVVJ,UaxBR,72,Wvhaz,Bournemouth,Midfielder,2022
390769,ijSIr,YbjSP,33,pHXMb,Bournemouth,Midfielder,2022
6610,QuUFI,SjVAY,65,OyCrT,Bournemouth,Defender,2022
19824,VGoBc,VVyQG,73,OClKs,Bournemouth,Defender,2022
51572,NEqHz,xKuXJ,42,EdGJx,Bournemouth,Defender,2022
161671,ovwvl,IgPQe,26,zYmLv,Bournemouth,Defender,2022
290962,ZzUGU,dwqGg,07,dgWie,Bournemouth,Defender,2022
382170,HufNp,bkcMK,64,APgbQ,Bournemouth,Defender,2022
163,igNBK,NhZjk,56,FSTCq,Nottingham Forest,Defender,2022
371,LLhLU,hyvFe,60,JsAcq,Nottingham Forest,Defender,2022
900,ixlXn,NXJPm,54,iGLFX,Nottingham Forest,Midfielder,2022
1746,zZMoN,vMtsi,00,NtvrV,Nottingham Forest,Defender,2022
10122,QcOet,yDWdO,32,xoOnv,Nottingham Forest,Defender,2022
17365,ALzsJ,NQTPm,88,ZpcFG,Nottingham Forest,Defender,2022
18739,OBFbg,rMlhR,83,MMmnk,Nottingham Forest,Defender,2022
18746,zZKVi,acJkd,52,jWxOl,Nottingham Forest,Midfielder,2022
18863,EhdMZ,yDYeU,78,mKUGm,Nottingham Forest,Defender,2022
18904,cCbSE,BkUNl,70,cXCaQ,Nottingham Forest,Midfielder,2022
19299,OAUTG,CWGKC,91,KUpbh,Nottingham Forest,Midfielder,2022
19610,EIYNK,RCNIW,14,EGSiE,Nottingham Forest,Defender,2022
24882,CIDeG,MzMMz,91,DcUPI,Nottingham Forest,Midfielder,2022
25916,BAMTk,LenTa,37,gNbYi,Nottingham Forest,Defender,2022
44811,qSbCg,VDtxZ,79,uiFFz,Nottingham Forest,Defender,2022
84081,XjqJu,WlObk,50,hWPZZ,Nottingham Forest,Defender,2022
138780,CQoWe,nYdiv,93,bUeiT,Nottingham Forest,Defender,2022
192349,RgDVJ,PFuCX,83,Wlvrm,Nottingham Forest,Goalkeeper,2022
284366,YKXcr,zZuYL,45,OjIxm,Liverpool,Defender,2022
329357,GCfiw,hbwmT,32,FrbQz,Nottingham Forest,Defender,2022
80,IoxaE,TwDDv,16,NxjnI,Nottingham Forest,Attacker,2022
1370,JtxfV,sNwNi,27,NfwnP,Nottingham Forest,Attacker,2022
2807,jAaXr,qvlFU,43,JfJeW,Nottingham Forest,Midfielder,2022
2991,OtROO,WdvFl,55,OcLCZ,Nottingham Forest,Midfielder,2022
8598,ynbRz,Agtwp,16,agoIa,Nottingham Forest,Attacker,2022
9926,uirLl,mXeXY,12,MKzDW,Nottingham Forest,Midfielder,2022
18146,yxjZS,dyDBI,80,kWDvc,Leicester,Goalkeeper,2022
18884,Bdlke,ZGPHI,62,nliqZ,Nottingham Forest,Attacker,2022
18931,APVuJ,hLKYM,07,asMQO,Nottingham Forest,Attacker,2022
18985,qabPj,ZMfkP,26,pnMjJ,Leicester,Goalkeeper,2022
18996,TMkpx,TNIFV,84,Xzguh,Nottingham Forest,Midfielder,2022
19305,IpQKk,YVtmx,73,hSydQ,Nottingham Forest,Midfielder,2022
19842,nzYLG,krvBZ,66,RkFty,Nottingham Forest,Attacker,2022
40401,jDuAm,VBvsp,95,gWCII,Nottingham Forest,Midfielder,2022
129711,Zphdm,axtwR,22,CoFjz,Nottingham Forest,Attacker,2022
129712,bvRuU,bPZvG,95,LGICq,Nottingham Forest,Attacker,2022
275170,IixJR,mcooK,76,bEadd,Nottingham Forest,Midfielder,2022
325967,PjOdS,egQkT,92,FzWCX,Nottingham Forest,Midfielder,2022
327602,EtRQF,XDQEn,49,hkrMh,Nottingham Forest,Attacker,2022
327603,KhhCr,UcbLL,93,mdryI,Nottingham Forest,Midfielder,2022
895,eJebT,KAPaV,80,nZxtU,Everton,Midfielder,2022
1455,WhxaO,xLGuz,14,Kvseh,Everton,Attacker,2022
2990,SPKff,SAdMr,06,euNgB,Everton,Midfielder,2022
18741,cKsoV,iakup,30,GzTxA,Everton,Defender,2022
18745,kpLHn,syege,18,UCEDV,Everton,Defender,2022
18762,LbNUN,opwKP,00,sKmxt,Everton,Midfielder,2022
18766,bhzFS,HjmEP,39,JnSNv,Everton,Attacker,2022
18781,kPIXQ,UYntQ,69,SxmLS,Everton,Attacker,2022
18805,rMkUm,FIjER,54,SSVEu,Everton,Midfielder,2022
18854,HPvuV,CDNpZ,67,eQadq,Everton,Midfielder,2022
18929,YYwXh,XuOzH,92,mTesW,Everton,Attacker,2022
19088,PbygJ,DYMWv,06,EyWdh,Nottingham Forest,Goalkeeper,2022
19364,faPzk,ixINB,30,xnsMY,Everton,Attacker,2022
138786,vinPm,GHNGO,28,bvGXe,Everton,Attacker,2022
138849,hQpoM,QbiYv,34,JGZzL,Everton,Defender,2022
162714,aTFcK,LqKpM,33,HCIiF,Everton,Midfielder,2022
284187,fQUex,uSjjN,28,NHzSL,Everton,Midfielder,2022
284267,NMStF,wlXCq,34,szvve,Everton,Midfielder,2022
284327,XEyTO,evBen,01,FGmnq,Everton,Defender,2022
328093,CWcwD,vycFu,37,iBTnn,Everton,Defender,2022
731,TFNRw,AFuRV,96,LjBsH,Nottingham Forest,Goalkeeper,2022
18836,izoph,gtyQy,86,rbzPW,Nottingham Forest,Goalkeeper,2022
17736,Wbpoi,TvhVk,18,uAGtb,Leicester,Goalkeeper,2022
19760,erSGe,ZvooC,14,Zfyoc,Leicester,Defender,2022
2784,yKarm,uvnjm,52,CkIsX,Arsenal,Goalkeeper,2022
3240,zXBeR,CDSvF,99,uqTpK,Everton,Midfielder,2022
18751,pVEyZ,hmXrO,49,wwfyl,Fulham,Attacker,2022
18948,oUMQE,doLkL,97,qsoea,Southampton,Midfielder,2022
50242,ypKRr,uPEqH,09,UqKtW,Eintracht Frankfurt,Attacker,2022
171,jHdNc,ywuWC,94,zpVhD,Southampton,Defender,2022
691,SIsVM,avHMu,66,khcIO,Leicester,Attacker,2022
1098,lIUtm,uIWgw,39,hSNva,Leicester,Attacker,2022
1902,Warom,VhCIO,57,voHAE,Southampton,Defender,2022
2275,WEclC,aOJxh,28,nuoBu,Southampton,Goalkeeper,2022
2778,fAyIK,FCCvz,04,JUNRa,Leicester,Attacker,2022
2999,BeKDz,xkssU,86,nkCeo,Southampton,Defender,2022
18788,yeGor,EzSix,15,ysAsv,Leicester,Attacker,2022
18935,vVGkJ,bxqfM,12,sqpoM,Southampton,Goalkeeper,2022
19719,TsIAF,lOdmh,10,AZtEz,Southampton,Defender,2022
20600,VKkSG,ZQQSI,20,KlquG,Southampton,Defender,2022
22233,hHhNx,RQkEN,47,PLuNn,Leicester,Midfielder,2022
30476,efNio,OyzvL,68,PNHpj,Southampton,Defender,2022
47480,iVgWB,hlJfV,67,zZAlM,Southampton,Defender,2022
105971,wkUdm,qSUkA,52,UyPRJ,Southampton,Goalkeeper,2022
158694,hnEZM,fKbDo,02,oJdqd,Southampton,Defender,2022
284264,mgpEi,hakPW,64,BJgLT,Southampton,Defender,2022
284487,QglBI,tTZDI,53,OYTuZ,Leicester,Midfielder,2022
289624,tHKes,KVPqB,40,dQMwk,Leicester,Midfielder,2022
305733,pFhJL,RAUYC,20,TsOij,Leicester,Midfielder,2022
1330,SrQxq,oGcWL,25,nwdsh,Southampton,Attacker,2022
1456,oCvuc,BpgyR,04,CbKej,Southampton,Midfielder,2022
2114,fdQmk,FKTit,32,DDLQa,Southampton,Midfielder,2022
2938,yvWGJ,xKJre,42,URrUW,Southampton,Midfielder,2022
15812,WeTHt,byOYu,71,GZZbp,Southampton,Attacker,2022
18769,ojvgU,zGWej,73,GCCqK,Southampton,Attacker,2022
18945,VIvhg,uIfwL,25,ZDLTC,Southampton,Midfielder,2022
18946,aRAcB,KBPEH,98,IcCET,Southampton,Midfielder,2022
19484,xSPsf,fntJG,06,dHfIq,Southampton,Attacker,2022
19524,bCjJS,XZeJo,99,mCFkp,Southampton,Attacker,2022
19825,NMiVb,FyQzD,16,JRLBx,Southampton,Midfielder,2022
20557,JqSFJ,EXbup,92,vdutg,Southampton,Midfielder,2022
25061,Shlca,YqrGg,52,EtDFp,Southampton,Defender,2022
190686,kvHad,tVWot,70,uEObM,Southampton,Attacker,2022
195993,qhMwV,REuKP,47,KTNWv,Southampton,Midfielder,2022
199837,OVdAn,wJIdE,72,eppwY,Southampton,Midfielder,2022
278085,UrVfN,UhdVn,84,ibnbl,Southampton,Attacker,2022
282125,ttqQt,HnZuT,54,LnflW,Southampton,Midfielder,2022
284424,pLzdH,NxBKA,43,GVSci,Southampton,Midfielder,2022
303462,hlISv,ehqBD,07,kvWEz,Southampton,Midfielder,2022
303460,uXLnq,zQBcR,08,yMJkD,Southampton,Attacker,2022
330982,vhrrK,aZpho,09,KofYr,Southampton,Attacker,2022
