id,player_name,player_age,player_position,club_left,club_joined,market_value,season
1,fuJMJ,73,Right-Back,Brighton & Hove Albion,Arsenal FC,€50.00m,2021
2,nfJud,18,Attacking Midfield,Real Madrid,Arsenal FC,€80.00m,2021
3,crimn,70,Goalkeeper,Sheffield United,Arsenal FC,€38.00m,2021
4,nxiEx,13,Right-Back,Bologna,Arsenal FC,€25.00m,2021
5,gzkbp,63,Central Midfield,RSC Anderlecht,Arsenal FC,€15.00m,2021
6,PtnGq,56,Left-Back,Benfica,Arsenal FC,€18.00m,2021
7,AjJbe,33,Centre-Back,Colorado,Arsenal FC,€9.00m,2021
8,GhiOW,12,Central Midfield,Hertha Berlin,Arsenal FC,€25.00m,2021
9,bOiSh,48,Defensive Midfield,Atlético Madrid,Arsenal FC,€15.00m,2021
10,oqBMm,45,Goalkeeper,SKF Sered,Arsenal FC,€300k,2021
11,irBvl,50,Left-Back,FC Schalke 04,Arsenal FC,€5.00m,2021
12,ZdqEA,82,Centre-Back,OGC Nice,Arsenal FC,€55.00m,2021
13,ORfIL,37,Central Midfield,Arsenal FC,Newcastle United,€30.00m,2021
14,FYZxg,57,Defensive Midfield,Arsenal FC,Fiorentina,€15.00m,2021
15,SJHRn,33,Right Midfield,Arsenal FC,AS Roma,€8.00m,2021
16,iCiCH,69,Centre-Back,Arsenal FC,Flamengo,€600k,2021
17,DrAdt,09,Left-Back,Arsenal FC,Marseille,€5.00m,2021
18,goSoZ,30,Left Winger,Arsenal FC,Corinthians,€3.00m,2021
19,QbiMD,82,Centre-Forward,Arsenal FC,Barcelona,€7.00m,2021
20,GvCCl,14,Centre-Back,Arsenal FC,Aston Villa,€8.00m,2021
21,XexCA,42,Goalkeeper,Arsenal FC,AS Trencin,€300k,2021
22,VywOY,29,Centre-Back,Arsenal FC,Udinese Calcio,€5.00m,2021
23,FJeAz,71,Centre-Back,Arsenal FC,Colorado,€9.00m,2021
24,afUwX,31,Central Midfield,Arsenal FC,Marseille,€25.00m,2021
25,jBsCr,74,Right-Back,Arsenal FC,Real Betis,€8.00m,2021
26,AhVnc,94,Goalkeeper,Arsenal FC,OH Leuven,€1.30m,2021
27,nuVlx,20,Right Winger,Arsenal FC,Feyenoord,€7.00m,2021
28,edMiG,99,Centre-Back,Arsenal FC,Marseille,€55.00m,2021
29,WQQXr,15,Goalkeeper,Arsenal FC,SKF Sered,€300k,2021
30,ztDJx,71,Goalkeeper,Arsenal FC,Brighton & Hove Albion,€4.00m,2021
31,CwCay,59,Attacking Midfield,Arsenal FC,Real Madrid,€80.00m,2021
32,TBwEY,77,Central Midfield,Arsenal FC,Real Madrid,€12.00m,2021
33,tMeEx,17,Right Winger,Norwich City,Aston Villa,€28.00m,2021
34,BvtaQ,12,Left Winger,B. Leverkusen,Aston Villa,€25.00m,2021
35,RsBRF,12,Left-Back,Everton,Aston Villa,€17.00m,2021
36,DzhGq,44,Centre-Forward,Southampton,Aston Villa,€16.00m,2021
37,LWqRJ,34,Centre-Back,Arsenal,Aston Villa,€8.00m,2021
38,IIZou,92,Right-Back,Inter Milan,Aston Villa,€1.00m,2021
39,uHNgj,71,Goalkeeper,AS Roma,Aston Villa,€2.00m,2021
40,lIWoe,96,Left Winger,Barcelona,Aston Villa,€14.00m,2021
41,qMEXq,08,Centre-Back,Manchester United,Aston Villa,€6.00m,2021
42,Fopfb,22,Centre-Forward,Aston Villa U23,Aston Villa,€10.00m,2021
43,gGejm,81,Left Winger,Aston Villa U23,Aston Villa,€2.50m,2021
44,wWIWU,34,Central Midfield,Aston Villa U23,Aston Villa,€4.00m,2021
45,eIHkU,94,Central Midfield,Aston Villa U23,Aston Villa,€15.00m,2021
46,FHALR,41,Centre-Forward,Club Brugge,Aston Villa,€3.00m,2021
47,Mtkxq,24,Centre-Forward,Fenerbahce,Aston Villa,€2.50m,2021
48,cIStx,59,Goalkeeper,Luton,Aston Villa,€600k,2021
49,KBCJK,97,Right-Back,R. Strasbourg,Aston Villa,€5.00m,2021
50,ameJH,72,Left-Back,Newcastle United,Aston Villa,€15.00m,2021
51,sPRqL,57,Centre-Forward,Nottm Forest,Aston Villa,€3.00m,2021
52,cQBsM,89,Central Midfield,Sheffield United,Aston Villa,€700k,2021
53,hXOrW,05,Left Winger,Stoke City,Aston Villa,€2.50m,2021
54,JGrIX,83,Centre-Forward,Preston,Aston Villa,€10.00m,2021
55,OhqqL,52,Left Winger,Aston Villa,Manchester City,€70.00m,2021
56,VxpqY,44,Centre-Forward,Aston Villa,Fenerbahce,€2.50m,2021
57,wJthY,74,Centre-Back,Aston Villa,Royal Antwerp,€2.00m,2021
58,pACGG,42,Goalkeeper,Aston Villa,Manchester United,€600k,2021
59,wuYsp,29,Left-Back,Aston Villa,Newcastle United,€15.00m,2021
60,fQben,97,Left Winger,Aston Villa,Stoke City,€2.50m,2021
61,KORhv,50,Right-Back,Aston Villa,R. Strasbourg,€5.00m,2021
62,xfrtU,43,Centre-Forward,Aston Villa,Nottm Forest,€3.00m,2021
63,knTjj,95,Central Midfield,Aston Villa,Sheffield United,€700k,2021
64,aIEbw,50,Centre-Forward,Aston Villa,Preston,€10.00m,2021
65,Jbgka,71,Centre-Forward,Aston Villa,Club Brugge,€3.00m,2021
66,FwALD,29,Left Winger,Aston Villa,Basaksehir,€10.50m,2021
67,rvAwF,75,Goalkeeper,Aston Villa,Luton,€600k,2021
68,tlUKW,53,Right Winger,Aston Villa,Everton,€8.00m,2021
69,juHNz,56,Centre-Forward,Aston Villa,Internacional,€3.00m,2021
70,JEEEi,08,Centre-Back,Aston Villa,Manchester United,€6.00m,2021
71,GmVWy,96,Centre-Back,Celtic,Brentford FC,€16.00m,2021
72,amqLL,61,Left Winger,FC Lorient,Brentford FC,€15.00m,2021
73,ejufL,78,Central Midfield,FC Midtjylland,Brentford FC,€9.00m,2021
74,NJDMz,01,Goalkeeper,SD Huesca,Brentford FC,€3.00m,2021
75,TpFPK,88,Centre-Back,Fenerbahce,Brentford FC,€1.50m,2021
76,YgCdV,05,Goalkeeper,FC Midtjylland,Brentford FC,€600k,2021
77,LnYbL,44,Central Midfield,Brentford B,Brentford FC,€1.50m,2021
78,FzKNj,10,Centre-Forward,Hull City,Brentford FC,€3.50m,2021
79,WarkP,73,Centre-Back,Sheffield United,Brentford FC,€800k,2021
80,XlVLW,45,Centre-Back,Kasimpasa,Brentford FC,€800k,2021
81,YieGj,41,Goalkeeper,Bromley,Brentford FC,€300k,2021
82,GifCY,49,Left-Back,Ipswich,Brentford FC,€1.80m,2021
83,XoXaD,27,Goalkeeper,Viking FK,Brentford FC,€700k,2021
84,LALJq,90,Goalkeeper,Burton Albion,Brentford FC,€300k,2021
85,lAptI,98,Centre-Forward,Galatasaray,Brentford FC,€2.50m,2021
86,zkGwX,00,Goalkeeper,Silkeborg IF,Brentford FC,€700k,2021
87,YJtPY,77,Right Winger,Legia Warszawa,Brentford FC,€400k,2021
88,qwGvM,72,Centre-Forward,Brentford FC,Galatasaray,€2.50m,2021
89,JqZgK,64,Attacking Midfield,Brentford FC,Bournemouth,€1.80m,2021
90,JkeoP,13,Goalkeeper,Brentford FC,Middlesbrough,€250k,2021
91,akCQq,15,Centre-Back,Brentford FC,FC Midtjylland,€800k,2021
92,dpNyJ,64,Goalkeeper,Brentford FC,Burton Albion,€300k,2021
93,FJZmK,91,Left-Back,Brentford FC,Ipswich,€1.80m,2021
94,FUVjL,92,Centre-Back,Brentford FC,HB Köge,€250k,2021
95,TIqLB,83,Goalkeeper,Brentford FC,Bromley,€300k,2021
96,VDqCx,08,Goalkeeper,Brentford FC,Viking FK,€700k,2021
97,QKzpN,71,Central Midfield,Brentford FC,Viborg FF,€500k,2021
98,qQRxu,04,Centre-Back,Brentford FC,Sheffield United,€800k,2021
99,kCxpk,30,Right Winger,Brentford FC,Alcorcón,€400k,2021
100,djYQC,36,Central Midfield,Brentford FC,Nordsjaelland,€1.50m,2021
101,ewOHT,17,Goalkeeper,Brentford FC,Viking FK,€700k,2021
102,QfpiW,24,Centre-Forward,Brentford FC,Hull City,€3.50m,2021
103,zdZwT,31,Central Midfield,RB Salzburg,Brighton & Hove Albion,-,2021
104,fmYzH,96,Left-Back,Getafe,Brighton & Hove Albion,€40.00m,2021
105,kbtfh,63,Central Midfield,Pogon Szczecin,Brighton & Hove Albion,€8.00m,2021
106,oTaUM,93,Right Winger,Slavia Prague,Brighton & Hove Albion,€7.00m,2021
107,xtifV,87,Centre-Forward,Union SG,Brighton & Hove Albion,€6.00m,2021
108,xOfGD,59,Goalkeeper,Ajax,Brighton & Hove Albion,€2.00m,2021
109,uVWCT,65,Left Winger,Kawasaki Front.,Brighton & Hove Albion,€22.00m,2021
110,NfQNa,58,Attacking Midfield,Benfica U19,Brighton & Hove Albion,€5.00m,2021
111,Yrpms,29,Centre-Back,Brighton U23,Brighton & Hove Albion,€500k,2021
112,ZwMQZ,32,Central Midfield,Brighton U23,Brighton & Hove Albion,€400k,2021
113,wUqVZ,20,Central Midfield,Birmingham,Brighton & Hove Albion,€400k,2021
114,FIFfy,20,Centre-Forward,Middlesbrough,Brighton & Hove Albion,€5.00m,2021
115,RfmCe,62,Centre-Back,Blackburn Rovers,Brighton & Hove Albion,€4.00m,2021
116,LuXkf,61,Defensive Midfield,Beerschot V.A.,Brighton & Hove Albion,€55.00m,2021
117,UGTRc,28,Right Winger,Stoke City,Brighton & Hove Albion,€7.00m,2021
118,kzdhc,70,Goalkeeper,Ipswich,Brighton & Hove Albion,€1.00m,2021
119,HeoeY,07,Left Winger,LDU Quito,Brighton & Hove Albion,€300k,2021
120,DVHcB,06,Centre-Back,Stoke City,Brighton & Hove Albion,€7.00m,2021
121,XnuNC,43,Left Winger,Union SG,Brighton & Hove Albion,€22.00m,2021
122,xEvXm,19,Centre-Back,West Brom,Brighton & Hove Albion,€4.00m,2021
123,BQooy,71,Goalkeeper,Arsenal,Brighton & Hove Albion,€4.00m,2021
124,mmWYw,25,Centre-Back,RB Salzburg,Brighton & Hove Albion,€2.50m,2021
125,LuBdY,51,Defensive Midfield,Dynamo Kyiv,Brighton & Hove Albion,€2.00m,2021
126,TJGEK,00,Centre-Back,Heerenveen,Brighton & Hove Albion,€4.00m,2021
127,NPFMb,34,Centre-Forward,NK Maribor,Brighton & Hove Albion,€2.30m,2021
128,zCxmU,46,Centre-Forward,Cincinnati,Brighton & Hove Albion,€1.80m,2021
129,qpAye,22,Right-Back,Brighton & Hove Albion,Arsenal,€50.00m,2021
130,JUXbW,27,Centre-Back,Brighton & Hove Albion,Newcastle United,€12.00m,2021
131,szcAZ,15,Right Winger,Brighton & Hove Albion,El Ahly,€1.50m,2021
132,vriKm,10,Centre-Forward,Brighton & Hove Albion,Coventry,€8.00m,2021
133,uvNDR,01,Right Winger,Brighton & Hove Albion,Feyenoord,€3.00m,2021
134,XWNud,99,Left-Back,Brighton & Hove Albion,Olympiacos,€3.00m,2021
135,ayYQi,50,Left Winger,Brighton & Hove Albion,Independiente,€300k,2021
136,dkIea,43,Centre-Forward,Brighton & Hove Albion,VfL Bochum,€1.80m,2021
137,sXnQn,39,Left Winger,Brighton & Hove Albion,Club Brugge,€800k,2021
138,KHuBX,69,Central Midfield,Brighton & Hove Albion,PSV Eindhoven,€700k,2021
139,UZoHq,85,Goalkeeper,Brighton & Hove Albion,Real Sociedad,€4.00m,2021
140,pUXhZ,33,Left Winger,Brighton & Hove Albion,Union SG,€22.00m,2021
141,dbBgK,09,Centre-Forward,Brighton & Hove Albion,Union SG,€6.00m,2021
142,ZGLPh,16,Central Midfield,Brighton & Hove Albion,Union SG,€8.00m,2021
143,ycRiS,99,Centre-Back,Brighton & Hove Albion,RB Salzburg,€2.50m,2021
144,oOhUI,20,Centre-Forward,Brighton & Hove Albion,Hajduk Split,€2.30m,2021
145,iBMfH,61,Goalkeeper,Brighton & Hove Albion,Ipswich,€1.00m,2021
146,Duxpq,95,Defensive Midfield,Brighton & Hove Albion,Beerschot V.A.,€55.00m,2021
147,VjFSI,84,Right Winger,Brighton & Hove Albion,Stoke City,€7.00m,2021
148,RKHBb,93,Centre-Forward,Brighton & Hove Albion,Middlesbrough,€5.00m,2021
149,cDrew,69,Goalkeeper,Brighton & Hove Albion,Ipswich,€1.00m,2021
150,RFeyQ,73,Centre-Forward,Brighton & Hove Albion,FC Augsburg,€2.70m,2021
151,ngWrs,33,Centre-Back,Brighton & Hove Albion,Genoa,€7.00m,2021
152,Fezvv,94,Centre-Back,Brighton & Hove Albion,Blackburn Rovers,€4.00m,2021
153,DEmXE,02,Centre-Forward,Brighton & Hove Albion,Cádiz CF,€1.00m,2021
154,VVbcf,79,Centre-Back,Brighton & Hove Albion,Stoke City,€7.00m,2021
155,AXGQs,23,Central Midfield,Brighton & Hove Albion,Birmingham,€400k,2021
156,viufK,57,Centre-Back,Brighton & Hove Albion,West Brom,€4.00m,2021
157,YlEPr,55,Goalkeeper,Brighton & Hove Albion,KV Oostende,€2.00m,2021
158,nqMUJ,01,Centre-Forward,VfL Wolfsburg,Burnley FC,€14.00m,2021
159,ywDdm,38,Left Winger,Olympique Lyon,Burnley FC,€15.00m,2021
160,fHRyq,95,Centre-Back,Stoke City,Burnley FC,€22.00m,2021
161,RpwAB,13,Right-Back,Swansea,Burnley FC,€6.00m,2021
162,DUbIt,20,Right Winger,Kayserispor,Burnley FC,-,2021
163,qlikT,22,Goalkeeper,Crystal Palace,Burnley FC,€500k,2021
164,jIGqr,34,Centre-Back,Burnley U21,Burnley FC,€450k,2021
165,OgUSO,96,Goalkeeper,Sheff Wed,Burnley FC,€900k,2021
166,iDHdY,23,Centre-Forward,Burnley FC,Newcastle United,€10.00m,2021
167,IImwe,63,Centre-Back,Burnley FC,Norwich City,€2.50m,2021
168,MMKwc,45,Central Midfield,Burnley FC,Barnsley FC,€300k,2021
169,knYXI,42,Centre-Back,Burnley FC,QPR,€3.50m,2021
170,QekRP,50,Goalkeeper,Burnley FC,Sheff Wed,€900k,2021
171,Grepx,17,Centre-Forward,Inter Milan,Chelsea FC,€40.00m,2021
172,aEJTA,91,Central Midfield,Atlético Madrid,Chelsea FC,€10.00m,2021
173,KUuBh,51,Goalkeeper,Fulham,Chelsea FC,€2.00m,2021
174,fQmLI,42,Centre-Back,Chelsea U23,Chelsea FC,€22.00m,2021
175,FOdPJ,20,Left-Back,Reading,Chelsea FC,€1.80m,2021
176,biBJm,95,Attacking Midfield,Čukarički,Chelsea FC,€800k,2021
177,gRwAw,27,Left Winger,Flamengo,Chelsea FC,€3.00m,2021
178,yNZfk,11,Left Winger,Granada CF,Chelsea FC,€3.00m,2021
179,aCyiX,65,Central Midfield,Reading,Chelsea FC,€400k,2021
180,ymqWl,27,Central Midfield,Norwich City,Chelsea FC,€9.00m,2021
181,mBJgK,58,Central Midfield,Trabzonspor,Chelsea FC,€3.00m,2021
182,UwRxP,55,Right-Back,Genoa,Chelsea FC,€7.00m,2021
183,XayTP,54,Central Midfield,Kasimpasa,Chelsea FC,€400k,2021
184,SiFZy,81,Left-Back,PAOK Salonika,Chelsea FC,€1.80m,2021
185,DbShk,53,Centre-Back,RSC Anderlecht,Chelsea FC,€2.00m,2021
186,HduQq,66,Centre-Back,AC Milan,Chelsea FC,€45.00m,2021
187,gwLpU,52,Defensive Midfield,SSC Napoli,Chelsea FC,€2.50m,2021
188,nrBrz,63,Centre-Back,FC Porto,Chelsea FC,€8.00m,2021
189,IvbjY,48,Central Midfield,PSV Eindhoven,Chelsea FC,€1.40m,2021
190,Owdvi,98,Right Midfield,Spartak Moscow,Chelsea FC,€3.00m,2021
191,OnHBF,62,Centre-Back,Coventry,Chelsea FC,€2.50m,2021
192,UNeEo,53,Centre-Forward,Chelsea FC,AS Roma,€45.00m,2021
193,BBioO,59,Centre-Back,Chelsea FC,West Ham,€28.00m,2021
194,eFWDA,11,Centre-Back,Chelsea FC,AC Milan,€45.00m,2021
195,GfeXL,21,Right-Back,Chelsea FC,Atalanta BC,€7.00m,2021
196,omrgH,26,Right Midfield,Chelsea FC,Spartak Moscow,€3.00m,2021
197,pdUsN,09,Defensive Midfield,Chelsea FC,AC Milan,€2.50m,2021
198,MkFkE,60,Centre-Forward,Chelsea FC,AC Milan,€4.00m,2021
199,CBcEy,02,Left Winger,Chelsea FC,Flamengo,€3.00m,2021
200,PGfIV,34,Left-Back,Chelsea FC,Olympique Lyon,€12.00m,2021
201,VfpaD,48,Centre-Forward,Chelsea FC,Besiktas,€10.00m,2021
202,uPbBN,66,Central Midfield,Chelsea FC,PSV Eindhoven,€1.40m,2021
203,AWwum,48,Attacking Midfield,Chelsea FC,Partizan,€800k,2021
204,HJdSF,97,Second Striker,Chelsea FC,Preston,-,2021
205,qqYIj,15,Central Midfield,Chelsea FC,Stoke City,€3.00m,2021
206,aSNRJ,51,Central Midfield,Chelsea FC,Norwich City,€9.00m,2021
207,lfgDS,92,Centre-Back,Chelsea FC,Venezia,€9.00m,2021
208,XxIlS,14,Central Midfield,Chelsea FC,Reading,€400k,2021
209,xNHAs,15,Left-Back,Chelsea FC,Reading,€1.80m,2021
210,EiWbY,38,Centre-Back,Chelsea FC,Alavés,€2.00m,2021
211,YvuPG,27,Centre-Back,Chelsea FC,Coventry,€2.50m,2021
212,LEZuf,90,Centre-Back,Chelsea U23,Crystal Palace,€35.00m,2021
213,AETEk,40,Centre-Back,Olympique Lyon,Crystal Palace,€32.00m,2021
214,FkzRz,84,Centre-Forward,Celtic,Crystal Palace,€17.00m,2021
215,tulUa,00,Centre-Forward,1.FSV Mainz 05,Crystal Palace,€9.00m,2021
216,NgCtG,34,Right Winger,Reading,Crystal Palace,€27.00m,2021
217,bEUlu,41,Central Midfield,Watford,Crystal Palace,€5.00m,2021
218,LWwos,66,Centre-Forward,Derby,Crystal Palace,€1.20m,2021
219,aoamA,69,Goalkeeper,Sunderland,Crystal Palace,€350k,2021
220,RLcZS,97,Attacking Midfield,Georgetown,Crystal Palace,€150k,2021
221,PQykK,39,Central Midfield,Chelsea U23,Crystal Palace,€32.00m,2021
222,oJthV,58,Centre-Forward,Derby,Crystal Palace,€1.20m,2021
223,WElEU,40,Centre-Back,Rakow,Crystal Palace,€400k,2021
224,vPGUX,21,Attacking Midfield,Waasl.-Beveren,Crystal Palace,€150k,2021
225,LUCqh,27,Goalkeeper,Crystal Palace,Burnley,€500k,2021
226,gGsMz,82,Centre-Forward,Crystal Palace,Macclesfield,-,2021
227,tClmt,86,Central Midfield,Crystal Palace,Celtic,€1.20m,2021
228,FKUCg,02,Centre-Back,Crystal Palace,Montpellier,€3.50m,2021
229,oklkV,28,Left-Back,Crystal Palace,Galatasaray,€3.20m,2021
230,SlOdJ,13,Right Winger,Crystal Palace,Everton,€2.50m,2021
231,fOlBa,74,Centre-Back,Crystal Palace,Reading,€250k,2021
232,GnqoF,03,Centre-Back,Crystal Palace,Bournemouth,-,2021
233,vbvlM,42,Centre-Forward,Crystal Palace,Derby,€1.20m,2021
234,YOWHr,30,Attacking Midfield,Crystal Palace,Waasl.-Beveren,€150k,2021
235,Xgzun,47,Attacking Midfield,Crystal Palace,RWDM,€150k,2021
236,IDoJu,80,Central Midfield,Crystal Palace,Chelsea U23,€32.00m,2021
237,dtoHQ,23,Centre-Forward,Crystal Palace,1.FSV Mainz 05,€9.00m,2021
238,LmRCo,06,Left-Back,Dynamo Kyiv,Everton FC,€22.00m,2021
239,vzBnX,49,Right-Back,Rangers,Everton FC,€14.00m,2021
240,bGcDJ,40,Left Winger,B. Leverkusen,Everton FC,€20.00m,2021
241,ONANh,78,Centre-Forward,DL Pro,Everton FC,€2.00m,2021
242,shOzG,32,Goalkeeper,Bournemouth,Everton FC,€1.00m,2021
243,HdWZo,31,Right Winger,Crystal Palace,Everton FC,€2.50m,2021
244,PrySV,70,Goalkeeper,West Brom,Everton FC,€200k,2021
245,HjtYG,77,Attacking Midfield,Tottenham Hotspur,Everton FC,€11.00m,2021
246,QjZVv,91,Goalkeeper,Fleetwood,Everton FC,-,2021
247,OqFzc,77,Central Midfield,Manchester United,Everton FC,€17.00m,2021
248,kKaVL,51,Right Winger,Aston Villa,Everton FC,€8.00m,2021
249,QVMXD,16,Centre-Forward,Besiktas,Everton FC,€2.80m,2021
250,CtuAl,75,Right-Back,Celtic,Everton FC,€4.00m,2021
251,EXuuD,42,Centre-Forward,Paris St-Germain,Everton FC,€20.00m,2021
252,phauk,05,Left-Back,Everton FC,Aston Villa,€17.00m,2021
253,bfRkH,64,Attacking Midfield,Everton FC,Al-Rayyan SC,€9.00m,2021
254,xqtEZ,44,Centre-Forward,Everton FC,Juventus,€20.00m,2021
255,ofyfp,11,Attacking Midfield,Everton FC,Sharjah FC,€3.50m,2021
256,qjlJh,79,Centre-Forward,Everton FC,Watford,€6.00m,2021
257,rhtWn,39,Left Winger,Everton FC,C. Rizespor,€250k,2021
258,WPLDB,96,Centre-Back,Everton FC,Shrewsbury,€500k,2021
259,QzvvY,82,Right Winger,Everton FC,Southampton,€1.80m,2021
260,PfuKC,64,Central Midfield,Everton FC,Heart of Midl.,€850k,2021
261,czHig,15,Defensive Midfield,Everton FC,CSKA Moscow,€6.50m,2021
262,KLMOe,52,Left-Back,Everton FC,Standard Liège,€3.00m,2021
263,XJnvH,12,Goalkeeper,Everton FC,Sporting Lisbon,€700k,2021
264,ZpHub,39,Central Midfield,Everton FC,Manchester United,€17.00m,2021
265,zgLFB,66,Goalkeeper,Everton FC,AS Roma,€2.00m,2021
266,mmuLU,12,Right Winger,Manchester United,Leeds United,€13.00m,2021
267,lCVun,51,Left-Back,Barcelona,Leeds United,€12.00m,2021
268,dQpCC,27,Left Winger,Manchester City,Leeds United,€22.00m,2021
269,hGJbg,07,Goalkeeper,Vålerenga,Leeds United,€2.00m,2021
270,fsVjV,84,Centre-Back,Leeds U21,Leeds United,€5.00m,2021
271,nTaKl,99,Right-Back,Leeds U21,Leeds United,€3.00m,2021
272,NCpyX,34,Attacking Midfield,Leeds U21,Leeds United,€4.00m,2021
273,iXkDP,76,Right Winger,Leeds U21,Leeds United,€12.00m,2021
274,DGvaW,01,Right Winger,Blackburn Rovers,Leeds United,€1.00m,2021
275,QPWRA,84,Right-Back,Cardiff,Leeds United,€3.00m,2021
276,MlIMl,66,Left-Back,Bournemouth,Leeds United,€1.00m,2021
277,HMsQc,58,Attacking Midfield,UD Logroñés,Leeds United,€1.00m,2021
278,qMDvb,11,Left-Back,Leeds United,Al-Ahli SFC,€4.80m,2021
279,OFYUK,27,Left-Back,Leeds United,Lech Poznan,€400k,2021
280,LkAxl,69,Attacking Midfield,Leeds United,Barrow,-,2021
281,QQBHJ,84,Central Midfield,Leeds United,Barrow,€200k,2021
282,GNFnW,59,Defensive Midfield,Leeds United,Al-Kharaitiyat,-,2021
283,Mroug,04,Attacking Midfield,Leeds United,Castellón,€100k,2021
284,BqGVF,54,Right-Back,Leeds United,Cardiff,€3.00m,2021
285,WgbOq,84,Left-Back,Leeds United,Bournemouth,€1.00m,2021
286,nWtbQ,11,Right Winger,Leeds United,Blackburn Rovers,€1.00m,2021
287,oVWPB,97,Goalkeeper,Leeds United,Elche CF,€400k,2021
288,xMisZ,66,Attacking Midfield,Leeds United,UD Ibiza,€1.00m,2021
289,Fagtq,02,Right Winger,Leeds United,Valencia,€3.50m,2021
290,hcYsH,74,Centre-Forward,RB Salzburg,Leicester City,€20.00m,2021
291,TfmMY,41,Defensive Midfield,LOSC Lille,Leicester City,€20.00m,2021
292,EswVl,59,Centre-Back,Southampton,Leicester City,€5.00m,2021
293,wkmAR,39,Left-Back,Southampton,Leicester City,€1.00m,2021
294,Vemrh,97,Second Striker,RB Leipzig,Leicester City,€30.00m,2021
295,APUlw,51,Central Midfield,Leicester City,Leicester City,€25.00m,2021
296,Uhacb,36,Centre-Forward,Portsmouth,Leicester City,€800k,2021
297,CXyKq,08,Goalkeeper,Preston,Leicester City,€2.00m,2021
298,URSZS,74,Centre-Back,OH Leuven,Leicester City,€1.70m,2021
299,RbIKL,58,Centre-Back,Burton Albion,Leicester City,€350k,2021
300,lKiMo,69,Right Winger,Besiktas,Leicester City,€6.50m,2021
301,PoxFA,97,Right Winger,Leicester City,Besiktas,€6.50m,2021
302,SeqUK,03,Central Midfield,Leicester City,Torino,€8.00m,2021
303,eJIEk,80,Centre-Back,Leicester City,Udinese Calcio,€1.70m,2021
304,mfBBN,85,Left-Back,Leicester City,Charlotte Ind.,-,2021
305,wYfYi,15,Central Midfield,Leicester City,Bristol City,€900k,2021
306,qRHSU,29,Centre-Back,Leicester City,Burton Albion,€350k,2021
307,TGOgR,68,Centre-Back,Leicester City,Burton Albion,€350k,2021
308,inBHH,62,Goalkeeper,Leicester City,Preston,€2.00m,2021
309,gvxqz,50,Centre-Forward,Leicester City,Portsmouth,€800k,2021
310,mNohN,44,Right Winger,Leicester City,AS Roma,€17.00m,2021
311,JqgGN,64,Left Winger,FC Porto,Liverpool FC,€75.00m,2021
312,lZBAT,44,Centre-Back,RB Leipzig,Liverpool FC,€35.00m,2021
313,ptnIR,11,Attacking Midfield,Liverpool U23,Liverpool FC,€35.00m,2021
314,qeViN,21,Centre-Back,Bournemouth,Liverpool FC,€6.00m,2021
315,MvfEO,08,Right Winger,Millwall,Liverpool FC,€1.80m,2021
316,PtOfW,15,Right-Back,Fulham,Liverpool FC,€18.00m,2021
317,hGjBL,74,Centre-Back,Sheffield United,Liverpool FC,€3.50m,2021
318,gQSpb,78,Centre-Back,Swansea,Liverpool FC,€3.00m,2021
319,JLlcx,53,Attacking Midfield,Heart of Midl.,Liverpool FC,€1.00m,2021
320,NksvN,77,Centre-Forward,Union Berlin,Liverpool FC,€20.00m,2021
321,aQFyq,66,Left Winger,Southampton,Liverpool FC,€8.00m,2021
322,JQSkT,02,Centre-Back,Preston,Liverpool FC,€5.00m,2021
323,uLzhp,32,Defensive Midfield,FC Porto,Liverpool FC,€9.00m,2021
324,Anjxb,93,Goalkeeper,Union Berlin,Liverpool FC,€1.50m,2021
325,pymhO,81,Right Winger,Liverpool FC,Fulham,€13.00m,2021
326,cRkkU,37,Centre-Forward,Liverpool FC,Union Berlin,€20.00m,2021
327,tLdVz,28,Attacking Midfield,Liverpool FC,Olympique Lyon,€4.00m,2021
328,Iyilz,69,Defensive Midfield,Liverpool FC,FC Porto,€9.00m,2021
329,ZbWbT,47,Central Midfield,Liverpool FC,Paris St-Germain,€12.00m,2021
330,ycXxC,08,Centre-Back,Liverpool FC,Swansea,€3.00m,2021
331,DqGTe,55,Attacking Midfield,Liverpool FC,Heart of Midl.,€1.00m,2021
332,MFOBz,86,Centre-Back,Liverpool FC,Sheffield United,€3.50m,2021
333,jbmmS,03,Centre-Back,Liverpool FC,Bournemouth,€6.00m,2021
334,NRmak,38,Right-Back,Liverpool FC,Fulham,€18.00m,2021
335,ZQiHE,75,Right Winger,Liverpool FC,Millwall,€1.80m,2021
336,mUqXF,50,Centre-Back,Liverpool FC,FC Schalke 04,€10.00m,2021
337,UnyIv,27,Left Winger,Aston Villa,Manchester City,€70.00m,2021
338,rOhlc,41,Centre-Forward,River Plate,Manchester City,€50.00m,2021
339,RCCRp,87,Goalkeeper,Derby,Manchester City,€250k,2021
340,YhrqQ,28,Attacking Midfield,Man City U23,Manchester City,€15.00m,2021
341,TyUfk,06,Centre-Back,FC Groningen,Manchester City,€12.00m,2021
342,GeBGh,02,Centre-Back,Austria Vienna,Manchester City,€3.00m,2021
343,YKdio,88,Right-Back,KV Mechelen,Manchester City,€5.00m,2021
344,ssBPr,12,Centre-Forward,RSC Anderlecht,Manchester City,€14.00m,2021
345,fbLel,54,Central Midfield,Granada CF,Manchester City,€9.00m,2021
346,qQSiH,84,Left Winger,Rio Ave FC,Manchester City,€350k,2021
347,WZRtB,28,Left-Back,RB Leipzig,Manchester City,€14.00m,2021
348,kTzep,31,Right-Back,Girona,Manchester City,€4.00m,2021
349,ThlRr,03,Centre-Back,Troyes,Manchester City,€2.00m,2021
350,Bziwi,83,Right Winger,Lommel SK,Manchester City,€800k,2021
351,WKOPb,18,Right Winger,Troyes,Manchester City,€2.50m,2021
352,mkXOy,86,Attacking Midfield,Twente FC,Manchester City,€1.50m,2021
353,JCNiY,88,Left Winger,Aarhus GF,Manchester City,€450k,2021
354,lWgda,18,Centre-Back,Troyes,Manchester City,€3.00m,2021
355,DPKjh,26,Goalkeeper,Willem II,Manchester City,€6.00m,2021
356,oIqDQ,58,Left Winger,Manchester City,Barcelona,€30.00m,2021
357,otVXl,03,Left-Back,Manchester City,RB Leipzig,€14.00m,2021
358,TEeKx,31,Left Winger,Manchester City,Leeds United,€22.00m,2021
359,nOpHs,04,Centre-Forward,Manchester City,VfL Wolfsburg,€14.00m,2021
360,tZmTw,18,Centre-Back,Manchester City,Troyes,€3.00m,2021
361,OAyGm,16,Centre-Back,Manchester City,Barcelona,€12.00m,2021
362,VlSrA,10,Centre-Forward,Manchester City,Barcelona,-,2021
363,hpEkK,78,Right Winger,Manchester City,Sunderland,€2.50m,2021
364,oWwky,28,Centre-Back,Manchester City,Feyenoord,€2.00m,2021
365,HxCYc,56,Right Winger,Manchester City,Troyes,€2.50m,2021
366,hEjwG,85,Centre-Back,Manchester City,Troyes,€2.00m,2021
367,hDVXG,95,Centre-Forward,Manchester City,River Plate,€50.00m,2021
368,TzFNp,21,Goalkeeper,Manchester City,Adana Demirspor,€6.00m,2021
369,QnPHh,33,Attacking Midfield,Manchester City,Troyes,€1.50m,2021
370,fAsHf,80,Central Midfield,Manchester City,Espanyol,€9.00m,2021
371,QpwJJ,23,Centre-Back,Manchester City,Troyes,€3.00m,2021
372,WEEhH,57,Right-Back,Manchester City,SC Braga,€4.00m,2021
373,AaVTl,60,Centre-Back,Manchester City,FC Schalke 04,€12.00m,2021
374,HmkKr,56,Left Winger,Manchester City,Lommel SK,€450k,2021
375,XvBIz,34,Left Winger,Manchester City,Estoril Praia,€350k,2021
376,wEIes,07,Right Winger,Manchester City,KV Kortrijk,€800k,2021
377,nWkMS,25,Right-Back,Manchester City,Troyes,€5.00m,2021
378,qCJFQ,84,Left Winger,Bor. Dortmund,Manchester United,€55.00m,2021
379,fdtiv,87,Centre-Back,Real Madrid,Manchester United,€40.00m,2021
380,cVuth,57,Centre-Forward,Juventus,Manchester United,€20.00m,2021
381,hVvpM,22,Goalkeeper,Aston Villa,Manchester United,€600k,2021
382,IrJji,99,Left Winger,Man Utd U23,Manchester United,€25.00m,2021
383,RngSv,64,Right Winger,Man Utd U23,Manchester United,€4.00m,2021
384,jYHjf,61,Left-Back,Norwich City,Manchester United,€10.00m,2021
385,iAuPq,11,Centre-Back,Aston Villa,Manchester United,€6.00m,2021
386,vkjZL,25,Centre-Back,Birmingham,Manchester United,€2.00m,2021
387,JToQJ,25,Right Winger,Birmingham,Manchester United,€3.00m,2021
388,Titoe,74,Right Winger,Alavés,Manchester United,€3.00m,2021
389,WGIfL,11,Right Winger,Club Brugge,Manchester United,€3.00m,2021
390,EvBXN,90,Right Winger,Rangers,Manchester United,€13.00m,2021
391,iaEQY,93,Right-Back,AC Milan,Manchester United,€35.00m,2021
392,RzvPJ,77,Central Midfield,Everton,Manchester United,€17.00m,2021
393,aLoRb,41,Attacking Midfield,Lazio,Manchester United,€16.00m,2021
394,kqIJH,83,Right Winger,Manchester United,Leeds United,€13.00m,2021
395,isjRz,14,Attacking Midfield,Manchester United,Flamengo,€16.00m,2021
396,kjpTG,63,Centre-Back,Manchester United,SSC Napoli,€6.00m,2021
397,pjtlD,57,Goalkeeper,Manchester United,RKC Waalwijk,€300k,2021
398,MObqI,21,Centre-Forward,Manchester United,Sevilla FC,€15.00m,2021
399,oAFYw,07,Right Winger,Manchester United,Birmingham,€3.00m,2021
400,hvDQP,01,Right Winger,Manchester United,Alavés,€3.00m,2021
401,XLCuk,25,Centre-Back,Manchester United,Aston Villa,€6.00m,2021
402,IfwQk,52,Centre-Back,Manchester United,Birmingham,€2.00m,2021
403,pGULw,39,Right Winger,Manchester United,Rangers,€13.00m,2021
404,lIZwY,43,Left-Back,Manchester United,Norwich City,€10.00m,2021
405,UmARA,43,Central Midfield,Manchester United,Everton,€17.00m,2021
406,OPITh,76,Defensive Midfield,Olympique Lyon,Newcastle United,€60.00m,2021
407,MKSlE,70,Centre-Forward,Burnley,Newcastle United,€10.00m,2021
408,qDWfU,93,Central Midfield,Arsenal,Newcastle United,€30.00m,2021
409,WqpLv,47,Centre-Back,Brighton & Hove Albion,Newcastle United,€12.00m,2021
410,crAPe,91,Right-Back,Atlético Madrid,Newcastle United,€13.00m,2021
411,MsHCe,73,Left-Back,Aston Villa,Newcastle United,€15.00m,2021
412,cxWKJ,26,Central Midfield,Mansfield Town,Newcastle United,€1.50m,2021
413,BLvYs,62,Central Midfield,QPR,Newcastle United,€2.50m,2021
414,frihZ,36,Centre-Back,Alavés,Newcastle United,€4.00m,2021
415,DyMgi,94,Goalkeeper,Bournemouth,Newcastle United,€6.00m,2021
416,oEBsZ,10,Attacking Midfield,Doncaster,Newcastle United,€350k,2021
417,ePwZc,01,Central Midfield,Aberdeen FC,Newcastle United,€1.50m,2021
418,gYWAr,40,Centre-Forward,SD Eibar,Newcastle United,€1.80m,2021
419,Hquec,56,Left Winger,Newcastle United,Al-Raed,-,2021
420,lfdpR,45,Centre-Forward,Newcastle United,Vissel Kobe,€1.80m,2021
421,vvVXE,64,Attacking Midfield,Newcastle United,Doncaster,€350k,2021
422,miYVK,20,Centre-Back,Newcastle United,Alavés,€4.00m,2021
423,dLfoD,89,Central Midfield,Newcastle United,QPR,€2.50m,2021
424,nLcXI,31,Goalkeeper,Newcastle United,Bournemouth,€6.00m,2021
425,pmUte,67,Central Midfield,Newcastle United,Aberdeen FC,€1.50m,2021
426,aHrEP,13,Central Midfield,Newcastle United,Mansfield Town,€1.50m,2021
427,RNtsy,12,Left-Back,Newcastle United,Aston Villa,€15.00m,2021
428,YbOnX,97,Left Winger,PAOK Salonika,Norwich City,€7.00m,2021
429,KSZKJ,00,Right Winger,Werder Bremen,Norwich City,€7.50m,2021
430,EzTvI,87,Centre-Forward,Werder Bremen,Norwich City,€12.00m,2021
431,QnagB,25,Centre-Back,Burnley,Norwich City,€2.50m,2021
432,sWCtw,07,Left-Back,PAOK Salonika,Norwich City,€4.00m,2021
433,lNIzY,45,Goalkeeper,Southampton,Norwich City,€3.00m,2021
434,CEutk,60,Defensive Midfield,OGC Nice,Norwich City,€4.00m,2021
435,dtkJF,94,Centre-Back,FC Schalke 04,Norwich City,€10.00m,2021
436,CITlG,73,Defensive Midfield,Rostov,Norwich City,€7.50m,2021
437,fLxQa,32,Left-Back,Manchester United,Norwich City,€10.00m,2021
438,myZBF,62,Central Midfield,Chelsea,Norwich City,€9.00m,2021
439,OYEOS,49,Attacking Midfield,Norwich U21,Norwich City,€500k,2021
440,bdVGw,30,Centre-Back,KAS Eupen,Norwich City,€400k,2021
441,MrQFz,17,Left-Back,Karlsruher SC,Norwich City,€700k,2021
442,MypmU,07,Left Midfield,Bournemouth,Norwich City,€8.00m,2021
443,RpOQI,36,Centre-Forward,Cardiff,Norwich City,€900k,2021
444,kSNkh,52,Central Midfield,Telstar,Norwich City,€125k,2021
445,iqdXs,12,Attacking Midfield,Waasl.-Beveren,Norwich City,€1.50m,2021
446,GqqGG,77,Left Winger,Doncaster,Norwich City,€700k,2021
447,WylVC,67,Centre-Back,FC Basel,Norwich City,€300k,2021
448,AzBbj,92,Left Winger,Middlesbrough,Norwich City,€1.20m,2021
449,OXIep,94,Centre-Back,Hibernian FC,Norwich City,€400k,2021
450,YbEju,26,Right-Back,Peterborough,Norwich City,€900k,2021
451,JKgvy,98,Left Winger,MK Dons,Norwich City,€700k,2021
452,EWSfA,88,Goalkeeper,Barnet,Norwich City,€150k,2021
453,adOWy,80,Goalkeeper,Livingston FC,Norwich City,€250k,2021
454,Sopow,20,Centre-Forward,FC Porto B,Norwich City,€350k,2021
455,gNcnD,58,Centre-Back,Charlton,Norwich City,€300k,2021
456,sLtVy,35,Left-Back,QPR,Norwich City,€3.00m,2021
457,YUOjs,73,Attacking Midfield,Huddersfield,Norwich City,€1.50m,2021
458,rEqwX,96,Central Midfield,Gillingham FC,Norwich City,€125k,2021
459,WzEqm,46,Centre-Forward,West Brom,Norwich City,€900k,2021
460,qvstb,44,Right Winger,Norwich City,Aston Villa,€28.00m,2021
461,bVtfj,60,Central Midfield,Norwich City,Stoke City,€300k,2021
462,mevPo,76,Attacking Midfield,Norwich City,SC Paderborn,€250k,2021
463,UAHoB,77,Goalkeeper,Norwich City,Bournemouth,€600k,2021
464,PvqTK,88,Left-Back,Norwich City,Karlsruher SC,€700k,2021
465,AKyfL,21,Defensive Midfield,Norwich City,Hannover 96,€800k,2021
466,ikxup,97,Central Midfield,Norwich City,FC Zürich,€200k,2021
467,RLtYq,28,Central Midfield,Norwich City,Portsmouth,€200k,2021
468,PWGTu,40,Right-Back,Norwich City,Peterborough,€900k,2021
469,KnhmZ,93,Goalkeeper,Norwich City,Livingston FC,€250k,2021
470,LnwTf,49,Left-Back,Norwich City,QPR,€3.00m,2021
471,JgPsk,71,Left Winger,Norwich City,Middlesbrough,€1.20m,2021
472,CQXEf,88,Attacking Midfield,Norwich City,Huddersfield,€1.50m,2021
473,iRyrH,42,Central Midfield,Norwich City,Gillingham FC,€125k,2021
474,NvuUr,17,Centre-Forward,Norwich City,West Brom,€900k,2021
475,Wnwiu,03,Centre-Back,Norwich City,Charlton,€300k,2021
476,VOJOa,27,Centre-Forward,Norwich City,FC Porto B,€350k,2021
477,MKhHj,33,Goalkeeper,Norwich City,Barnet,€150k,2021
478,ZOQXr,41,Left Winger,Norwich City,MK Dons,€700k,2021
479,KNjoz,58,Centre-Back,Norwich City,Hibernian FC,€400k,2021
480,VasfP,80,Left Winger,Norwich City,Birmingham,€1.20m,2021
481,DUAXJ,75,Left Winger,Norwich City,Doncaster,€700k,2021
482,VffqF,87,Centre-Forward,Norwich City,Livingston FC,€350k,2021
483,Spstc,20,Centre-Forward,Norwich City,Cardiff,€900k,2021
484,eQXYY,02,Left Midfield,Norwich City,Bournemouth,€8.00m,2021
485,qbUOp,05,Left-Back,Norwich City,Villarreal,€1.00m,2021
486,DhuQY,85,Left-Back,Norwich City,PAOK Salonika,€4.00m,2021
487,hIadv,65,Left-Back,Norwich City,Manchester United,€10.00m,2021
488,pZhNN,79,Central Midfield,Norwich City,Chelsea,€9.00m,2021
489,VuXiX,30,Centre-Forward,Blackburn Rovers,Southampton FC,€12.00m,2021
490,bRtsH,75,Left-Back,Stade Brestois,Southampton FC,€12.00m,2021
491,leNED,76,Centre-Back,Torino,Southampton FC,€4.00m,2021
492,gQCQz,93,Right-Back,Chelsea U23,Southampton FC,€25.00m,2021
493,zdjre,73,Right Winger,Everton,Southampton FC,€1.80m,2021
494,bVSxG,18,Centre-Forward,Chelsea U23,Southampton FC,€30.00m,2021
495,nqfPH,64,Centre-Forward,Lincoln City,Southampton FC,€900k,2021
496,TyYMb,23,Centre-Back,Lazio,Southampton FC,€2.00m,2021
497,TVOOQ,99,Centre-Forward,Cheltenham,Southampton FC,€900k,2021
498,sSuqb,65,Left Winger,Celtic,Southampton FC,€12.00m,2021
499,DRdGd,01,Centre-Forward,Southampton FC,Aston Villa,€16.00m,2021
500,tyOFX,21,Centre-Back,Southampton FC,Leicester,€5.00m,2021
501,ymozm,77,Goalkeeper,Southampton FC,Norwich City,€3.00m,2021
502,GpokG,42,Defensive Midfield,Southampton FC,OGC Nice,€10.00m,2021
503,hjzQw,74,Centre-Forward,Southampton FC,Swansea,€4.00m,2021
504,psPLa,96,Left-Back,Southampton FC,Leicester,€1.00m,2021
505,NgJYy,38,Attacking Midfield,Southampton FC,Eastleigh,-,2021
506,rzgdd,47,Centre-Back,Southampton FC,RSC Anderlecht,€2.00m,2021
507,aviaa,10,Centre-Forward,Southampton FC,Cheltenham,€900k,2021
508,Suyky,98,Centre-Forward,Southampton FC,Lincoln City,€900k,2021
509,YTuYH,72,Centre-Forward,Southampton FC,Chelsea U23,€30.00m,2021
510,etoot,16,Left Winger,Southampton FC,Liverpool,€8.00m,2021
511,eveXC,58,Right-Back,Barcelona,Tottenham Hotspur,€25.00m,2021
512,ZSYQr,08,Left Winger,Sevilla FC,Tottenham Hotspur,€12.00m,2021
513,ECFLt,91,Central Midfield,Juventus,Tottenham Hotspur,€40.00m,2021
514,pkHlJ,92,Central Midfield,FC Metz,Tottenham Hotspur,€15.00m,2021
515,AAZFG,44,Right Winger,Juventus,Tottenham Hotspur,€55.00m,2021
516,BYVqz,27,Centre-Back,Atalanta BC,Tottenham Hotspur,€60.00m,2021
517,OhloJ,22,Goalkeeper,Atalanta BC,Tottenham Hotspur,€5.00m,2021
518,ARTAM,98,Centre-Back,Celtic,Tottenham Hotspur,€11.00m,2021
519,DumeI,45,Goalkeeper,Tottenham U23,Tottenham Hotspur,€300k,2021
520,MiMCe,14,Left Winger,Sunderland,Tottenham Hotspur,€8.00m,2021
521,vAria,42,Goalkeeper,Degerfors,Tottenham Hotspur,€500k,2021
522,EBXCK,02,Goalkeeper,Elche CF,Tottenham Hotspur,€2.50m,2021
523,YLMTg,35,Left Midfield,TSG Hoffenheim,Tottenham Hotspur,€22.00m,2021
524,LUOLr,23,Right-Back,Villarreal,Tottenham Hotspur,€25.00m,2021
525,xwYXk,87,Right-Back,Tottenham Hotspur,Villarreal,€25.00m,2021
526,NKEel,15,Centre-Back,Tottenham Hotspur,Al-Duhail SC,€4.00m,2021
527,xPmiq,99,Central Midfield,Tottenham Hotspur,Watford,€3.50m,2021
528,MzGJg,18,Central Midfield,Tottenham Hotspur,Olympique Lyon,€25.00m,2021
529,uYvCA,07,Goalkeeper,Tottenham Hotspur,Celtic,€1.70m,2021
530,HaftX,22,Left Winger,Tottenham Hotspur,Valencia,€12.00m,2021
531,UBDwj,36,Attacking Midfield,Tottenham Hotspur,Everton,€11.00m,2021
532,rjZRT,64,Right Winger,Tottenham Hotspur,Sevilla FC,€10.00m,2021
533,YGMNc,38,Goalkeeper,Tottenham Hotspur,Fulham,€2.50m,2021
534,ZTIxb,52,Left-Back,Tottenham Hotspur,Watford,€1.00m,2021
535,aAPjL,06,Central Midfield,Tottenham Hotspur,FC Metz,€15.00m,2021
536,YKzXG,77,Left Winger,Tottenham Hotspur,Sunderland,€8.00m,2021
537,pVbFG,74,Central Midfield,Tottenham Hotspur,Villarreal,€18.00m,2021
538,NbiYg,69,Goalkeeper,Tottenham Hotspur,Degerfors,€500k,2021
539,YaNdE,90,Goalkeeper,Tottenham Hotspur,Degerfors,€500k,2021
540,CvZfs,98,Centre-Back,Tottenham Hotspur,Celtic,€11.00m,2021
541,loidD,47,Centre-Forward,Tottenham Hotspur,Benfica,€5.00m,2021
542,EJNtM,94,Right Winger,Tottenham Hotspur,Real Madrid,-,2021
543,NTyAQ,23,Central Midfield,FC Nantes,Watford FC,€9.00m,2021
544,zfnDH,12,Goalkeeper,Sparta R.,Watford FC,€2.50m,2021
545,CKFQB,46,Centre-Back,Udinese Calcio,Watford FC,€7.00m,2021
546,PiCvA,87,Defensive Midfield,KAS Eupen,Watford FC,€5.00m,2021
547,wBQgF,23,Centre-Forward,Club Brugge,Watford FC,€10.00m,2021
548,VpeYo,28,Left-Back,OGC Nice,Watford FC,€8.00m,2021
549,xDfSI,85,Central Midfield,Tottenham Hotspur,Watford FC,€3.50m,2021
550,rrqPz,58,Attacking Midfield,Envigado,Watford FC,€3.00m,2021
551,mOeUK,89,Right Winger,G. Bordeaux,Watford FC,€3.00m,2021
552,HqWjB,53,Central Midfield,Fenerbahce,Watford FC,€3.20m,2021
553,hCeJp,51,Centre-Back,Grimsby Town,Watford FC,€300k,2021
554,LCAmZ,63,Centre-Forward,Everton,Watford FC,€6.00m,2021
555,KZKil,84,Left Winger,Rochdale,Watford FC,€400k,2021
556,LGmQa,43,Centre-Forward,Middlesbrough,Watford FC,€800k,2021
557,DNotu,70,Left-Back,Tottenham Hotspur,Watford FC,€1.00m,2021
558,VdRnn,83,Central Midfield,Stoke City,Watford FC,€1.50m,2021
559,qlFgT,74,Central Midfield,Parma,Watford FC,€1.50m,2021
560,qzmqt,96,Central Midfield,UD Ibiza,Watford FC,€200k,2021
561,JiuAV,57,Central Midfield,Granada CF,Watford FC,€1.80m,2021
562,wfPaS,11,Centre-Forward,CSKA-Sofia,Watford FC,-,2021
563,aONPQ,87,Goalkeeper,Gillingham FC,Watford FC,€1.00m,2021
564,npqJa,33,Centre-Back,Atl. Nacional,Watford FC,€250k,2021
565,doLMP,10,Central Midfield,Barnsley FC,Watford FC,€1.80m,2021
566,NmRnf,87,Centre-Forward,Getafe,Watford FC,€10.00m,2021
567,cWgTR,03,Goalkeeper,Doncaster,Watford FC,€1.00m,2021
568,BCGIx,85,Central Midfield,Fulham,Watford FC,€1.80m,2021
569,wyBbX,80,Centre-Forward,QPR,Watford FC,€2.00m,2021
570,PJcDz,85,Right Winger,Nottm Forest,Watford FC,€3.50m,2021
571,beNXT,82,Central Midfield,Reading,Watford FC,€2.00m,2021
572,nuoKc,42,Centre-Back,Cheltenham,Watford FC,€300k,2021
573,HFEba,75,Central Midfield,Watford FC,Crystal Palace,€5.00m,2021
574,PfKzx,51,Centre-Back,Watford FC,West Ham,€2.50m,2021
575,haFsa,13,Centre-Forward,Watford FC,Udinese Calcio,€4.00m,2021
576,aaKWk,99,Centre-Back,Watford FC,Stoke City,€6.00m,2021
577,OXwtP,13,Central Midfield,Watford FC,Hemel,-,2021
578,GLkCC,57,Centre-Forward,Watford FC,Birmingham,€600k,2021
579,JbBaH,02,Central Midfield,Watford FC,Betis Deportivo,€200k,2021
580,RKNGQ,55,Centre-Forward,Watford FC,Metalac,-,2021
581,QJdiC,10,Defensive Midfield,Watford FC,Fulham,€2.50m,2021
582,FElSA,89,Left-Back,Watford FC,Portimonense,€300k,2021
583,acmvF,86,Goalkeeper,Watford FC,Doncaster,€1.00m,2021
584,Ktydm,50,Goalkeeper,Watford FC,Sparta R.,€2.50m,2021
585,wxuSX,75,Central Midfield,Watford FC,Fulham,€1.80m,2021
586,lzImg,43,Goalkeeper,Watford FC,Gillingham FC,€1.00m,2021
587,eLGSk,74,Centre-Forward,Watford FC,M. Tel Aviv,€1.50m,2021
588,dbbOQ,77,Centre-Forward,Watford FC,QPR,€2.00m,2021
589,znRzL,54,Centre-Forward,Watford FC,New York RB,€800k,2021
590,qgbqT,86,Centre-Back,Watford FC,Cheltenham,€300k,2021
591,FADwt,13,Central Midfield,Watford FC,Barnsley FC,€1.80m,2021
592,nvZVS,13,Attacking Midfield,Watford FC,Envigado,€3.00m,2021
593,fRDXv,98,Central Midfield,Watford FC,Reading,€2.00m,2021
594,wtvWZ,70,Centre-Back,Watford FC,CD América,€250k,2021
595,jVABA,54,Right Winger,Watford FC,Nottm Forest,€3.50m,2021
596,GapEG,78,Left Winger,Watford FC,UD Las Palmas,€600k,2021
597,xShnk,02,Central Midfield,Watford FC,Fenerbahce,€3.20m,2021
598,YRHRI,59,Central Midfield,Watford FC,Stoke City,€1.50m,2021
599,slUKc,06,Centre-Back,Chelsea,West Ham United,€28.00m,2021
600,DfhqW,99,Attacking Midfield,CSKA Moscow,West Ham United,€20.00m,2021
601,CTNtN,07,Defensive Midfield,Spartak Moscow,West Ham United,€5.50m,2021
602,TitZh,72,Centre-Back,Watford,West Ham United,€2.50m,2021
603,JnwkF,54,Goalkeeper,Paris St-Germain,West Ham United,€8.00m,2021
604,dTYWN,73,Centre-Back,Sunderland,West Ham United,€600k,2021
605,UkAYm,38,Right Winger,FC Porto,West Ham United,€15.00m,2021
606,AUDMP,49,Defensive Midfield,Peterborough,West Ham United,€1.50m,2021
607,snjNF,40,Defensive Midfield,MK Dons,West Ham United,€1.50m,2021
608,VJIIb,52,Right Winger,Aris Saloniki,West Ham United,€800k,2021
609,PbnDz,93,Right Winger,West Ham United,Lazio,€15.00m,2021
610,tXzQc,54,Centre-Back,West Ham United,Bröndby IF,€600k,2021
611,lSYuh,39,Right Winger,West Ham United,Nottm Forest,€800k,2021
612,zrnsP,32,Centre-Back,West Ham United,Dynamo Moscow,€4.00m,2021
613,JllqF,21,Centre-Back,West Ham United,Sunderland,€600k,2021
614,aRROK,89,Defensive Midfield,West Ham United,Peterborough,€1.50m,2021
615,qlvCk,87,Defensive Midfield,West Ham United,MK Dons,€1.50m,2021
616,TbtIp,82,Left-Back,Angers SCO,Wolverhampton Wanderers,€22.00m,2021
617,kipAY,89,Goalkeeper,Olympiacos,Wolverhampton Wanderers,€18.00m,2021
618,wCjmS,56,Right Winger,Barcelona,Wolverhampton Wanderers,€15.00m,2021
619,mQzMz,29,Centre-Back,Atl. Nacional,Wolverhampton Wanderers,€3.00m,2021
620,Uhamb,60,Left Winger,Estoril Praia,Wolverhampton Wanderers,€2.50m,2021
621,pAFKT,02,Right-Back,Fehérvár,Wolverhampton Wanderers,€2.70m,2021
622,KWyHX,89,Centre-Forward,Suwon Bluewings,Wolverhampton Wanderers,€2.00m,2021
623,xvKlB,93,Central Midfield,Grasshoppers,Wolverhampton Wanderers,€2.00m,2021
624,KxbmW,52,Goalkeeper,Man City U23,Wolverhampton Wanderers,€200k,2021
625,peWWZ,56,Centre-Forward,RB Leipzig,Wolverhampton Wanderers,€12.00m,2021
626,lJiZP,94,Central Midfield,Wolves U21,Wolverhampton Wanderers,€1.00m,2021
627,nRVXc,35,Goalkeeper,Birmingham,Wolverhampton Wanderers,€2.00m,2021
628,IAmRN,05,Centre-Forward,SD Huesca,Wolverhampton Wanderers,€10.00m,2021
629,YOnYe,87,Goalkeeper,Ebbsfleet,Wolverhampton Wanderers,€200k,2021
630,TKCQH,74,Central Midfield,Grasshoppers,Wolverhampton Wanderers,€800k,2021
631,oxEzQ,15,Centre-Back,Grasshoppers,Wolverhampton Wanderers,€2.50m,2021
632,nSRdJ,35,Central Midfield,Famalicão,Wolverhampton Wanderers,€1.60m,2021
633,zlerl,98,Centre-Forward,Famalicão,Wolverhampton Wanderers,€3.00m,2021
634,VZnuv,41,Left-Back,Famalicão,Wolverhampton Wanderers,€5.00m,2021
635,eSYhr,73,Right-Back,Grasshoppers,Wolverhampton Wanderers,€250k,2021
636,wyUlR,92,Centre-Forward,Valencia,Wolverhampton Wanderers,€2.50m,2021
637,IocVM,20,Attacking Midfield,Sheffield United,Wolverhampton Wanderers,€30.00m,2021
638,vHATt,59,Centre-Forward,Grasshoppers,Wolverhampton Wanderers,€3.00m,2021
639,ZqQXg,39,Central Midfield,St. Mirren,Wolverhampton Wanderers,€800k,2021
640,pSBbs,06,Centre-Forward,Wolverhampton Wanderers,Sevilla FC,€10.00m,2021
641,kWTHK,17,Goalkeeper,Wolverhampton Wanderers,AS Roma,€5.00m,2021
642,LsIHy,33,Defensive Midfield,Wolverhampton Wanderers,Club Brugge,€600k,2021
643,DpAUK,09,Goalkeeper,Wolverhampton Wanderers,Ebbsfleet,€200k,2021
644,oQGMu,13,Central Midfield,Wolverhampton Wanderers,St. Mirren,€800k,2021
645,yVvJa,34,Centre-Forward,Wolverhampton Wanderers,Grasshoppers,€3.00m,2021
646,qTtaj,09,Centre-Forward,Wolverhampton Wanderers,Miami,€3.00m,2021
647,oDAuZ,05,Central Midfield,Wolverhampton Wanderers,Grasshoppers,€2.00m,2021
648,UmYoU,09,Centre-Forward,Wolverhampton Wanderers,Grasshoppers,€2.00m,2021
649,ioCXE,17,Attacking Midfield,Wolverhampton Wanderers,Sheffield United,€30.00m,2021
650,Gulnm,28,Right Winger,Wolverhampton Wanderers,Barcelona,€12.00m,2021
651,SCycF,95,Central Midfield,Wolverhampton Wanderers,Grasshoppers,€1.60m,2021
652,PnCff,11,Goalkeeper,Wolverhampton Wanderers,Birmingham,€2.00m,2021
653,LfZQV,35,Centre-Forward,Wolverhampton Wanderers,Tondela,€1.00m,2021
654,Kuork,37,Centre-Forward,Wolverhampton Wanderers,FC Empoli,€2.50m,2021
655,Zitkr,96,Central Midfield,Wolverhampton Wanderers,FC Porto,€42.00m,2021
656,mdCbB,52,Left-Back,Wolverhampton Wanderers,Angers SCO,€22.00m,2021
657,CFCkU,25,Centre-Forward,Wolverhampton Wanderers,Real Sociedad,€7.00m,2021
658,xLUKd,74,Right-Back,Wolverhampton Wanderers,Grasshoppers,€2.70m,2021
659,zvGTg,13,Centre-Forward,Manchester City,Arsenal FC,€75.00m,2022
660,lrabx,74,Left-Back,Manchester City,Arsenal FC,€40.00m,2022
661,vJfAG,97,Attacking Midfield,FC Porto,Arsenal FC,€27.00m,2022
662,Cmgri,15,Centre-Back,Spezia Calcio,Arsenal FC,€20.00m,2022
663,IpwhP,75,Left Winger,Brighton & Hove Albion,Arsenal FC,€30.00m,2022
664,LnhYo,64,Defensive Midfield,Chelsea,Arsenal FC,€35.00m,2022
665,fMORK,38,Goalkeeper,New England,Arsenal FC,€5.00m,2022
666,diTHi,36,Right Winger,São Paulo,Arsenal FC,€12.00m,2022
667,ZrXne,15,Centre-Forward,Arsenal U21,Arsenal FC,€25.00m,2022
668,sjUEp,80,Goalkeeper,OH Leuven,Arsenal FC,€1.30m,2022
669,ckmvy,44,Centre-Back,VfB Stuttgart,Arsenal FC,€15.00m,2022
670,dtTrA,85,Central Midfield,Crystal Palace,Arsenal FC,€15.00m,2022
671,ImlKF,71,Central Midfield,Marseille,Arsenal FC,€25.00m,2022
672,GUOSz,52,Centre-Back,Marseille,Arsenal FC,€55.00m,2022
673,Dddfo,35,Right Winger,Norwich City,Arsenal FC,€12.00m,2022
674,euzqi,39,Defensive Midfield,Fiorentina,Arsenal FC,€15.00m,2022
675,mSHVB,04,Right Winger,Feyenoord,Arsenal FC,€7.00m,2022
676,BUeXY,77,Right-Back,Real Betis,Arsenal FC,€8.00m,2022
677,dhoFc,23,Right Midfield,Southampton,Arsenal FC,€8.00m,2022
678,agIDO,69,Right Midfield,AS Roma,Arsenal FC,€8.00m,2022
679,GOuxt,25,Centre-Back,Udinese Calcio,Arsenal FC,€5.00m,2022
680,BKoAQ,29,Centre-Back,Colorado,Arsenal FC,€9.00m,2022
681,bUurH,97,Centre-Back,Birmingham,Arsenal FC,€9.00m,2022
682,ZmYsI,83,Central Midfield,Arsenal FC,Marseille,€25.00m,2022
683,qTlxE,34,Defensive Midfield,Arsenal FC,Galatasaray,€15.00m,2022
684,JqnJj,87,Goalkeeper,Arsenal FC,Fulham,€10.00m,2022
685,brwEK,45,Centre-Back,Arsenal FC,VfB Stuttgart,€15.00m,2022
686,UELvB,14,Centre-Forward,Arsenal FC,Olympique Lyon,€12.00m,2022
687,DPeBN,06,Right-Back,Arsenal FC,Barcelona,€8.00m,2022
688,aGObD,90,Goalkeeper,Arsenal FC,Alanyaspor,€1.30m,2022
689,uovXt,27,Right Winger,Arsenal FC,OGC Nice,€22.00m,2022
690,AXmax,36,Right Midfield,Arsenal FC,Southampton,€8.00m,2022
691,CYGwe,76,Centre-Back,Arsenal FC,Monza,€5.00m,2022
692,pJrMB,54,Right Winger,Arsenal FC,Norwich City,€12.00m,2022
693,DauTO,43,Central Midfield,Arsenal FC,Crystal Palace,€15.00m,2022
694,NtsVK,02,Centre-Forward,Arsenal FC,Stade Reims,€25.00m,2022
695,hVGrj,54,Right-Back,Arsenal FC,Fulham,€4.00m,2022
696,WaayF,74,Centre-Back,Arsenal FC,Birmingham,€9.00m,2022
697,zykpl,55,Left-Back,Arsenal FC,Marseille,€18.00m,2022
698,KoPMv,39,Centre-Back,Sevilla FC,Aston Villa,€30.00m,2022
699,ORiVr,48,Left Winger,Barcelona,Aston Villa,€14.00m,2022
700,IxtyH,87,Centre-Forward,Chicago,Aston Villa,€12.00m,2022
701,IGoFV,42,Defensive Midfield,Wolves,Aston Villa,€17.00m,2022
702,VqFAe,77,Left-Back,Real Betis,Aston Villa,€20.00m,2022
703,lKUgz,28,Goalkeeper,AS Roma,Aston Villa,€2.00m,2022
704,nAjvB,17,Left-Back,Sevilla FC,Aston Villa,€3.00m,2022
705,XZCmA,80,Defensive Midfield,Marseille,Aston Villa,€25.00m,2022
706,ZUVGk,83,Centre-Back,Southampton,Aston Villa,€14.00m,2022
707,AhjqV,25,Goalkeeper,Aston Villa U21,Aston Villa,€400k,2022
708,FwdUb,47,Centre-Forward,Middlesbrough,Aston Villa,€10.00m,2022
709,UsVtD,09,Goalkeeper,Hajduk Split,Aston Villa,€1.50m,2022
710,lrleM,25,Defensive Midfield,Luton,Aston Villa,€4.00m,2022
711,KZBcX,90,Right-Back,R. Strasbourg,Aston Villa,€5.00m,2022
712,mnuLJ,28,Centre-Forward,Internacional,Aston Villa,€3.00m,2022
713,SwGMV,89,Right Winger,Everton,Aston Villa,€8.00m,2022
714,Vawke,70,Left Winger,Basaksehir,Aston Villa,€10.50m,2022
715,dlzNC,73,Right Winger,Basaksehir,Aston Villa,€14.00m,2022
716,BOuRc,18,Goalkeeper,Burton Albion,Aston Villa,€400k,2022
717,OBbys,16,Central Midfield,QPR,Aston Villa,€4.00m,2022
718,xpkZH,61,Left Winger,Cardiff,Aston Villa,€2.50m,2022
719,LkpEU,09,Centre-Forward,Watford,Aston Villa,€3.00m,2022
720,YOgoa,24,Centre-Back,Watford,Aston Villa,€2.80m,2022
721,GtnKI,10,Central Midfield,Aston Villa,Chelsea,€15.00m,2022
722,SVzsq,39,Left-Back,Aston Villa,Newcastle United,€15.00m,2022
723,syZcq,92,Centre-Forward,Aston Villa,West Ham,€16.00m,2022
724,wlPQH,45,Left Winger,Aston Villa,Trabzonspor,€10.50m,2022
725,SkRCQ,87,Right Winger,Aston Villa,PSV Eindhoven,€8.00m,2022
726,JviWp,76,Goalkeeper,Aston Villa,Hajduk Split,€1.50m,2022
727,SFxAl,87,Right-Back,Aston Villa,R. Strasbourg,€5.00m,2022
728,iqVWi,87,Central Midfield,Aston Villa,Derby,€700k,2022
729,LfPIX,20,Centre-Back,Aston Villa,Watford,€2.80m,2022
730,rDdDz,77,Centre-Forward,Aston Villa,Watford,€3.00m,2022
731,aMxwA,20,Central Midfield,Aston Villa,QPR,€4.00m,2022
732,svVuv,21,Right Winger,Aston Villa,Basaksehir,€14.00m,2022
733,GQaKb,91,Left Winger,Aston Villa,Cardiff,€2.50m,2022
734,LckPe,53,Goalkeeper,Aston Villa,Burton Albion,€400k,2022
735,XebeB,18,Centre-Forward,Aston Villa,Middlesbrough,€10.00m,2022
736,zIMgw,99,Central Midfield,Aston Villa,R. Strasbourg,€6.00m,2022
737,MwFCV,86,Defensive Midfield,Aston Villa,Luton,€4.00m,2022
738,YkoLd,08,Centre-Forward,Aston Villa,Levante,€3.00m,2022
739,erriW,54,Left Winger,Aston Villa,Barcelona,€14.00m,2022
740,BvDPb,34,Goalkeeper,Aston Villa,AS Roma,€2.00m,2022
741,pnzlw,46,Left-Back,Aston Villa,Sevilla FC,€3.00m,2022
742,heuJF,84,Centre-Back,Aston Villa,Southampton,€14.00m,2022
743,xLaKF,88,Centre-Back,Dynamo Kyiv,AFC Bournemouth,€18.00m,2022
744,wmAJN,12,Right Winger,FC Lorient,AFC Bournemouth,€20.00m,2022
745,ceDBy,13,Centre-Back,Feyenoord,AFC Bournemouth,€17.00m,2022
746,VIKuf,07,Central Midfield,Middlesbrough,AFC Bournemouth,€15.00m,2022
747,xOQuv,36,Centre-Forward,Bristol City,AFC Bournemouth,€9.00m,2022
748,aGaTx,78,Left-Back,AS Roma,AFC Bournemouth,€6.00m,2022
749,eoaji,79,Central Midfield,Blackburn Rovers,AFC Bournemouth,€3.50m,2022
750,EVaoy,99,Goalkeeper,West Ham,AFC Bournemouth,€500k,2022
751,TXGjr,71,Goalkeeper,Barcelona,AFC Bournemouth,€2.50m,2022
752,HmVAt,93,Right-Back,West Ham,AFC Bournemouth,€2.00m,2022
753,mmMUY,88,Centre-Back,Southampton,AFC Bournemouth,€5.00m,2022
754,ehJfu,19,Attacking Midfield,Sassuolo,AFC Bournemouth,€22.00m,2022
755,cMkPD,25,Goalkeeper,Slough,AFC Bournemouth,€200k,2022
756,KcQbU,69,Right Winger,QPR,AFC Bournemouth,€1.50m,2022
757,JRscC,15,Centre-Back,Heart of Midl.,AFC Bournemouth,€1.00m,2022
758,ioWFf,44,Central Midfield,Charlton,AFC Bournemouth,€500k,2022
759,LRIiV,15,Centre-Forward,Shrewsbury,AFC Bournemouth,€250k,2022
760,OfrfU,11,Central Midfield,Stoke City,AFC Bournemouth,€500k,2022
761,cgOks,31,Central Midfield,Stoke City,AFC Bournemouth,€2.50m,2022
762,wgAlD,95,Left Midfield,AFC Bournemouth,Preston,€1.00m,2022
763,cRpNj,01,Centre-Back,AFC Bournemouth,Cambridge Utd.,€250k,2022
764,aBaJR,76,Left Winger,AFC Bournemouth,AJ Auxerre,€2.50m,2022
765,MWmdn,76,Centre-Back,AFC Bournemouth,Heart of Midl.,€1.00m,2022
766,poWJM,68,Central Midfield,AFC Bournemouth,Charlton,€500k,2022
767,tFSVi,82,Attacking Midfield,AFC Bournemouth,Nordsjaelland,€1.80m,2022
768,Tedkk,59,Central Midfield,AFC Bournemouth,Stoke City,€2.50m,2022
769,gFqNj,42,Right Winger,AFC Bournemouth,QPR,€1.50m,2022
770,ggFXK,70,Central Midfield,AFC Bournemouth,Stoke City,€500k,2022
771,OfXav,67,Goalkeeper,AFC Bournemouth,Slough,€200k,2022
772,OAjUa,03,Centre-Forward,AFC Bournemouth,Shrewsbury,€250k,2022
773,sfdoX,57,Centre-Back,AFC Bournemouth,Southampton,€5.00m,2022
774,AnQeG,95,Left Winger,Hull City,Brentford FC,€15.00m,2022
775,zjexp,24,Left-Back,Bologna,Brentford FC,€18.00m,2022
776,gCpbY,50,Left Winger,Sampdoria,Brentford FC,€15.00m,2022
777,BooNr,76,Right Winger,SC Freiburg,Brentford FC,€20.00m,2022
778,fCOmG,36,Goalkeeper,Lazio,Brentford FC,€4.00m,2022
779,LpcXQ,80,Centre-Back,Burnley,Brentford FC,€1.80m,2022
780,UMISw,91,Goalkeeper,Brentford B,Brentford FC,-,2022
781,eUVtN,69,Right-Back,Brentford B,Brentford FC,€400k,2022
782,nxqDN,13,Right-Back,Swansea,Brentford FC,€400k,2022
783,xZRPY,39,Centre-Back,OGC Nice,Brentford FC,€4.00m,2022
784,UoJcL,75,Centre-Forward,Burnley,Brentford FC,€2.50m,2022
785,cIBLR,29,Goalkeeper,Crawley Town,Brentford FC,€300k,2022
786,BpRHY,06,Left Winger,Stoke City,Brentford FC,€2.00m,2022
787,IVbsK,10,Centre-Back,HB Köge,Brentford FC,€250k,2022
788,qbwds,38,Goalkeeper,Bristol Rovers,Brentford FC,€300k,2022
789,HYloD,22,Right Winger,Alcorcón,Brentford FC,€400k,2022
790,eTDfA,11,Left Winger,Rotherham,Brentford FC,€2.00m,2022
791,jemPS,11,Centre-Back,Blackpool,Brentford FC,€800k,2022
792,PYzcf,42,Centre-Forward,Galatasaray,Brentford FC,€2.50m,2022
793,OUUdl,06,Centre-Forward,Brentford FC,Middlesbrough,€3.50m,2022
794,dkYFL,64,Central Midfield,Brentford FC,Manchester United,€25.00m,2022
795,ZOijk,25,Centre-Back,Brentford FC,AJ Auxerre,€800k,2022
796,pXFqZ,07,Left-Back,Brentford FC,Blackpool,€1.80m,2022
797,rZTjY,37,Centre-Back,Brentford FC,SönderjyskE,€250k,2022
798,VyJmj,68,Goalkeeper,Brentford FC,Crawley Town,€300k,2022
799,CpNml,84,Right-Back,Brentford FC,Swansea,€400k,2022
800,nByEs,87,Centre-Back,Brentford FC,OGC Nice,€4.00m,2022
801,BPItG,94,Centre-Forward,Brentford FC,Burnley,€2.50m,2022
802,tERgx,41,Right Winger,Brentford FC,De Graafschap,€400k,2022
803,wjgDm,02,Centre-Back,Brentford FC,FC Groningen,€4.00m,2022
804,RsFiB,17,Left Winger,Brentford FC,Stoke City,€2.00m,2022
805,UkBdW,02,Goalkeeper,Brentford FC,Bristol Rovers,€300k,2022
806,uCDbu,26,Left Winger,Brentford FC,Rotherham,€2.00m,2022
807,FLYxn,31,Centre-Back,Brentford FC,Blackpool,€800k,2022
808,RnCRv,00,Right Winger,Brentford FC,Olympiacos,€12.00m,2022
809,IatlS,20,Goalkeeper,Brentford FC,FC Midtjylland,€600k,2022
810,Lmfqm,63,Goalkeeper,Brentford FC,SD Huesca,€3.00m,2022
811,FlprB,92,Left-Back,Villarreal,Brighton & Hove Albion,€20.00m,2022
812,HxAZg,56,Centre-Forward,Libertad,Brighton & Hove Albion,€11.00m,2022
813,Qqads,98,Central Midfield,Chelsea,Brighton & Hove Albion,€9.00m,2022
814,PXcVa,43,Left Winger,Nordsjaelland,Brighton & Hove Albion,€6.00m,2022
815,uBjYA,37,Attacking Midfield,Rosario Central,Brighton & Hove Albion,€9.00m,2022
816,Fdoqn,17,Central Midfield,AIK,Brighton & Hove Albion,€4.00m,2022
817,JFAmM,31,Centre-Back,Chelsea U21,Brighton & Hove Albion,€16.00m,2022
818,IEoDm,55,Centre-Forward,Brighton U21,Brighton & Hove Albion,€10.00m,2022
819,jwaiX,57,Left-Back,Olympiacos,Brighton & Hove Albion,€3.00m,2022
820,PkfqB,16,Centre-Forward,Cádiz CF,Brighton & Hove Albion,€1.00m,2022
821,RatTJ,52,Centre-Forward,FC Augsburg,Brighton & Hove Albion,€2.70m,2022
822,EAScW,17,Central Midfield,Union SG,Brighton & Hove Albion,€8.00m,2022
823,zKAyy,65,Centre-Forward,Hull City,Brighton & Hove Albion,€5.00m,2022
824,cyzwU,79,Centre-Back,Genoa,Brighton & Hove Albion,€7.00m,2022
825,SkkCB,35,Centre-Forward,Union SG,Brighton & Hove Albion,€6.00m,2022
826,vikhq,80,Goalkeeper,KV Oostende,Brighton & Hove Albion,€2.00m,2022
827,udvCh,11,Centre-Back,Derby,Brighton & Hove Albion,€500k,2022
828,MDTgc,87,Centre-Forward,Venezia,Brighton & Hove Albion,€5.00m,2022
829,poxKD,24,Central Midfield,QPR,Brighton & Hove Albion,€400k,2022
830,JvXDA,62,Centre-Back,Fulham,Brighton & Hove Albion,€2.50m,2022
831,fKENH,70,Left-Back,Brighton & Hove Albion,Chelsea,€40.00m,2022
832,bILsS,60,Central Midfield,Brighton & Hove Albion,Tottenham Hotspur,€25.00m,2022
833,Ohact,29,Left Winger,Brighton & Hove Albion,Arsenal,€30.00m,2022
834,QgGIB,97,Centre-Forward,Brighton & Hove Albion,Everton,€13.00m,2022
835,bHqst,53,Centre-Back,Brighton & Hove Albion,SSC Napoli,€7.00m,2022
836,FTRRJ,27,Centre-Back,Brighton & Hove Albion,Middlesbrough,€4.00m,2022
837,RMMJC,29,Defensive Midfield,Brighton & Hove Albion,FCV Farul,€2.00m,2022
838,TIZBH,45,Centre-Forward,Brighton & Hove Albion,UD Las Palmas,€1.00m,2022
839,QXxQu,05,Centre-Back,Brighton & Hove Albion,Fulham,€2.50m,2022
840,wJSfM,10,Central Midfield,Brighton & Hove Albion,Vitesse,€8.00m,2022
841,ynHYM,24,Central Midfield,Brighton & Hove Albion,Standard Liège,€4.50m,2022
842,QWQlV,44,Centre-Forward,Brighton & Hove Albion,Hull City,€5.00m,2022
843,jZjDY,53,Goalkeeper,Brighton & Hove Albion,Vitesse,€2.00m,2022
844,LETrr,47,Left-Back,Brighton & Hove Albion,F. Düsseldorf,€3.00m,2022
845,MWjoS,50,Centre-Back,Brighton & Hove Albion,Fulham,€2.50m,2022
846,aiWAa,92,Centre-Forward,Brighton & Hove Albion,FC Basel,€2.70m,2022
847,fstAc,64,Central Midfield,Brighton & Hove Albion,QPR,€400k,2022
848,jVTjo,11,Centre-Forward,Brighton & Hove Albion,Venezia,€5.00m,2022
849,UveEO,79,Right Winger,Brighton & Hove Albion,Angers SCO,€7.00m,2022
850,USMkX,95,Centre-Back,Brighton & Hove Albion,Derby,€500k,2022
851,ChboL,77,Left Winger,Brighton & Hove Albion,Union SG,€6.00m,2022
852,lyjHI,68,Centre-Back,Brighton & Hove Albion,Chelsea U21,€16.00m,2022
853,MfDkB,03,Central Midfield,Benfica,Chelsea FC,€85.00m,2022
854,yFWPM,94,Centre-Back,Leicester,Chelsea FC,€65.00m,2022
855,GqtPx,55,Left Winger,Shakhtar Donetsk,Chelsea FC,€60.00m,2022
856,lbhng,47,Left-Back,Brighton & Hove Albion,Chelsea FC,€40.00m,2022
857,VePBJ,79,Left Winger,Manchester City,Chelsea FC,€60.00m,2022
858,SZjRl,59,Centre-Back,Monaco,Chelsea FC,€40.00m,2022
859,HLhDJ,92,Centre-Back,SSC Napoli,Chelsea FC,€25.00m,2022
860,uEGvt,47,Right Winger,PSV Eindhoven,Chelsea FC,€28.00m,2022
861,SoNeb,07,Right-Back,Olympique Lyon,Chelsea FC,€25.00m,2022
862,mXsYd,92,Central Midfield,Aston Villa,Chelsea FC,€15.00m,2022
863,CpHvM,11,Central Midfield,Vasco da Gama,Chelsea FC,€15.00m,2022
864,GWDpz,93,Centre-Forward,Molde FK,Chelsea FC,€10.00m,2022
865,SWcoz,33,Centre-Forward,Barcelona,Chelsea FC,€7.00m,2022
866,FnYmo,97,Second Striker,Atlético Madrid,Chelsea FC,€50.00m,2022
867,MeAjY,56,Goalkeeper,Chicago,Chelsea FC,€8.00m,2022
868,rtNnc,26,Defensive Midfield,Juventus,Chelsea FC,€20.00m,2022
869,zkbAB,13,Central Midfield,Chelsea U21,Chelsea FC,€32.00m,2022
870,JTNOX,88,Centre-Forward,Chelsea U21,Chelsea FC,€30.00m,2022
871,Praxn,21,Left-Back,Reading,Chelsea FC,€1.80m,2022
872,UVmAk,29,Goalkeeper,Chicago,Chelsea FC,€8.00m,2022
873,rnaGv,81,Centre-Back,Venezia,Chelsea FC,€9.00m,2022
874,JqBRS,60,Centre-Back,Alavés,Chelsea FC,€2.00m,2022
875,ZicHR,22,Left-Back,Olympique Lyon,Chelsea FC,€12.00m,2022
876,nHLgO,06,Centre-Forward,Besiktas,Chelsea FC,€10.00m,2022
877,nbMdH,15,Centre-Forward,Chelsea FC,RB Leipzig,€25.00m,2022
878,SCObe,40,Left-Back,Chelsea FC,West Ham,€12.00m,2022
879,NaMza,02,Defensive Midfield,Chelsea FC,Arsenal,€35.00m,2022
880,QuSGt,29,Central Midfield,Chelsea FC,Brighton & Hove Albion,€9.00m,2022
881,wZzbU,56,Centre-Forward,Chelsea FC,Inter Milan,€40.00m,2022
882,pZOQx,93,Centre-Forward,Chelsea FC,Fenerbahce,€10.00m,2022
883,fbBys,07,Centre-Back,Chelsea FC,Monaco,€8.00m,2022
884,QYWpH,56,Left Winger,Chelsea FC,Real Valladolid,€3.00m,2022
885,cFBvG,86,Left-Back,Chelsea FC,Barcelona,€7.00m,2022
886,IWlWi,33,Centre-Back,Chelsea FC,Cincinnati,€2.00m,2022
887,MypSe,44,Left Winger,Chelsea FC,Levante,€600k,2022
888,wiNay,72,Centre-Back,Chelsea FC,Barcelona,€30.00m,2022
889,cEvIU,67,Centre-Back,Chelsea FC,QPR,€2.50m,2022
890,CypLb,06,Centre-Back,Chelsea FC,Real Madrid,€40.00m,2022
891,EHkZY,31,Goalkeeper,Chelsea FC,Chicago,€8.00m,2022
892,ZmXph,88,Central Midfield,Chelsea FC,Vasco da Gama,€15.00m,2022
893,vNaDB,63,Centre-Back,Chelsea FC,Spezia Calcio,€9.00m,2022
894,Mowzq,31,Left-Back,Chelsea FC,Reading,€1.80m,2022
895,QGzmF,49,Left Winger,Chelsea FC,B. Leverkusen,€17.00m,2022
896,sFGhX,36,Right-Back,Chelsea FC,Olympique Lyon,€25.00m,2022
897,Rofmd,77,Central Midfield,Chelsea FC,Atlético Madrid,€10.00m,2022
898,XpfrD,84,Defensive Midfield,Lens,Crystal Palace,€30.00m,2022
899,fyUlI,20,Central Midfield,VfB Stuttgart,Crystal Palace,€10.00m,2022
900,pTFrT,68,Centre-Back,Bayern Munich,Crystal Palace,€10.00m,2022
901,BHPCx,12,Goalkeeper,West Brom,Crystal Palace,€4.00m,2022
902,sWHGS,69,Right Winger,Derby,Crystal Palace,€3.00m,2022
903,rGKDT,55,Central Midfield,Arsenal,Crystal Palace,€15.00m,2022
904,SsqKi,27,Goalkeeper,Palace U21,Crystal Palace,€250k,2022
905,HNveW,93,Goalkeeper,St. Johnstone,Crystal Palace,€350k,2022
906,xLeMf,19,Centre-Forward,RWDM,Crystal Palace,€1.20m,2022
907,XwyHq,99,Right Winger,Hull City,Crystal Palace,€3.00m,2022
908,eFqlN,88,Centre-Forward,Lincoln City,Crystal Palace,€1.20m,2022
909,LhdeE,41,Attacking Midfield,RWDM,Crystal Palace,€150k,2022
910,IMMTv,26,Centre-Forward,Crystal Palace,D.C. United,€3.00m,2022
911,nQlQk,88,Defensive Midfield,Crystal Palace,Nottm Forest,€3.00m,2022
912,cdNEN,04,Attacking Midfield,Crystal Palace,Botafogo,€150k,2022
913,YIjyg,97,Right-Back,Crystal Palace,West Brom,€500k,2022
914,QnYhR,86,Centre-Back,Crystal Palace,Zaglebie Lubin,€400k,2022
915,JfhgN,29,Centre-Forward,Crystal Palace,RWDM,€1.20m,2022
916,EjVKE,15,Goalkeeper,Crystal Palace,St. Johnstone,€350k,2022
917,cjHKv,88,Goalkeeper,Crystal Palace,Manchester United,€1.50m,2022
918,YapZf,16,Right Winger,Crystal Palace,Hull City,€3.00m,2022
919,qGPxz,54,Centre-Forward,Crystal Palace,Lincoln City,€1.20m,2022
920,oxGFi,46,Central Midfield,Crystal Palace,Arsenal,€15.00m,2022
921,ASpUJ,04,Defensive Midfield,LOSC Lille,Everton FC,€42.00m,2022
922,xdILv,53,Left Winger,Burnley,Everton FC,€18.00m,2022
923,Jhmbk,46,Centre-Forward,Brighton & Hove Albion,Everton FC,€13.00m,2022
924,wZWjz,74,Defensive Midfield,Manchester United,Everton FC,€14.00m,2022
925,lFbQV,81,Central Midfield,Paris St-Germain,Everton FC,€8.00m,2022
926,NPjmc,12,Centre-Back,Burnley,Everton FC,€22.00m,2022
927,HWgMm,72,Centre-Back,Wolves,Everton FC,€18.00m,2022
928,MCQib,12,Left-Back,Sporting Lisbon,Everton FC,€5.00m,2022
929,ALlVM,62,Centre-Forward,Everton U21,Everton FC,€4.00m,2022
930,TTtwS,39,Left-Back,Standard Liège,Everton FC,€3.00m,2022
931,CXMiS,12,Defensive Midfield,CSKA Moscow,Everton FC,€6.50m,2022
932,neiZa,82,Left-Back,Cardiff,Everton FC,€3.00m,2022
933,hBiuX,78,Goalkeeper,Sporting Lisbon,Everton FC,€700k,2022
934,NIFtJ,91,Centre-Forward,Everton FC,Tottenham Hotspur,€55.00m,2022
935,PuNCu,15,Left Winger,Everton FC,Newcastle United,€40.00m,2022
936,BRtoQ,04,Goalkeeper,Everton FC,LAFC,€200k,2022
937,IfbIG,17,Centre-Forward,Everton FC,River Plate,€2.00m,2022
938,HFYIK,37,Centre-Forward,Everton FC,Besiktas,€2.80m,2022
939,iTZZf,26,Right-Back,Everton FC,Hertha Berlin,€4.00m,2022
940,gwCKD,60,Defensive Midfield,Everton FC,Al-Wahda FC,€8.00m,2022
941,dvFtX,01,Defensive Midfield,Everton FC,Trabzonspor,€6.50m,2022
942,RTsQN,84,Attacking Midfield,Everton FC,Besiktas,€11.00m,2022
943,oAqay,41,Left-Back,Everton FC,Cardiff,€3.00m,2022
944,TkfSz,40,Left-Back,Everton FC,Saint-Étienne,€3.00m,2022
945,lonfb,59,Centre-Back,Everton FC,PSV Eindhoven,€7.00m,2022
946,HEVge,75,Central Midfield,Everton FC,LOSC Lille,€14.00m,2022
947,YGZXF,82,Goalkeeper,Everton FC,SC Cambuur,€700k,2022
948,uYZEj,71,Right Winger,Everton FC,Aston Villa,€8.00m,2022
949,TNGNU,80,Defensive Midfield,Sporting Lisbon,Fulham FC,€35.00m,2022
950,lFhtD,73,Centre-Back,West Ham,Fulham FC,€18.00m,2022
951,xiQYU,06,Attacking Midfield,Manchester United,Fulham FC,€16.00m,2022
952,fGJga,37,Central Midfield,Torino,Fulham FC,€13.00m,2022
953,tnlOi,34,Right-Back,VfL Wolfsburg,Fulham FC,€5.00m,2022
954,QinUR,20,Centre-Forward,Benfica,Fulham FC,€5.00m,2022
955,RfXpZ,48,Goalkeeper,Arsenal,Fulham FC,€10.00m,2022
956,IdiPa,03,Left Winger,Corinthians,Fulham FC,€3.00m,2022
957,AKMmt,20,Centre-Back,Brighton & Hove Albion,Fulham FC,€2.50m,2022
958,bMPPw,90,Right-Back,Arsenal,Fulham FC,€4.00m,2022
959,xicNk,37,Right Winger,Leeds United,Fulham FC,€13.00m,2022
960,TXXmf,72,Centre-Back,Brighton & Hove Albion,Fulham FC,€2.50m,2022
961,XQBRi,71,Left-Back,Paris St-Germain,Fulham FC,€4.00m,2022
962,kaDEL,28,Left Winger,Shakhtar Donetsk,Fulham FC,€18.00m,2022
963,CqNoT,40,Central Midfield,HNK Gorica,Fulham FC,€500k,2022
964,CovYh,47,Right Winger,Huddersfield,Fulham FC,€1.20m,2022
965,zOpRV,29,Central Midfield,SSC Napoli,Fulham FC,€40.00m,2022
966,ycGcx,78,Right-Back,Charlton,Fulham FC,€500k,2022
967,pebuM,19,Centre-Forward,Middlesbrough,Fulham FC,€5.00m,2022
968,WSTYO,11,Right Winger,Volos NPS,Fulham FC,€1.20m,2022
969,vNixk,67,Central Midfield,Fulham FC,SSC Napoli,€40.00m,2022
970,bfDqv,82,Attacking Midfield,Fulham FC,Liverpool,€20.00m,2022
971,jKExq,47,Right-Back,Fulham FC,Hull City,€1.20m,2022
972,ixzJP,06,Central Midfield,Fulham FC,Hull City,€2.00m,2022
973,rdORv,61,Central Midfield,Fulham FC,Preston,€2.50m,2022
974,eDKLY,96,Centre-Back,Fulham FC,Wycombe,-,2022
975,bpQro,98,Right Winger,Fulham FC,Huddersfield,€1.20m,2022
976,PWdWx,91,Right Winger,Fulham FC,Volos NPS,€1.20m,2022
977,eaCoM,55,Defensive Midfield,Fulham FC,West Brom,€2.50m,2022
978,aYXEa,63,Central Midfield,Fulham FC,HNK Gorica,€500k,2022
979,IrRLq,08,Centre-Back,Fulham FC,AC Le Havre,€900k,2022
980,wcBZA,95,Left Winger,Fulham FC,Alanyaspor,€2.30m,2022
981,UpYpj,36,Goalkeeper,Fulham FC,Girona,€2.50m,2022
982,bgFhW,91,Left-Back,Fulham FC,OGC Nice,€3.00m,2022
983,aTqjt,40,Right-Back,Fulham FC,Charlton,€500k,2022
984,EEqEl,06,Centre-Forward,Fulham FC,Middlesbrough,€5.00m,2022
985,nDDHz,45,Right-Back,Fulham FC,Servette FC,€5.00m,2022
986,rnJxO,16,Right Winger,Fulham FC,Leeds United,€13.00m,2022
987,UkfpP,08,Centre-Back,Fulham FC,Brighton & Hove Albion,€2.50m,2022
988,MeRUl,14,Attacking Midfield,RB Salzburg,Leeds United,€30.00m,2022
989,IORSN,93,Centre-Forward,TSG Hoffenheim,Leeds United,€22.00m,2022
990,MqwkV,32,Left Winger,Feyenoord,Leeds United,€22.00m,2022
991,aKnWE,92,Defensive Midfield,RB Leipzig,Leeds United,€20.00m,2022
992,LyCAQ,62,Right-Back,RB Salzburg,Leeds United,€15.00m,2022
993,Nynrp,81,Centre-Back,RB Salzburg,Leeds United,€12.00m,2022
994,hChoW,49,Defensive Midfield,Bayern Munich,Leeds United,€15.00m,2022
995,ScKcl,57,Left Winger,FC Zürich,Leeds United,€18.00m,2022
996,hCgAv,46,Central Midfield,Juventus,Leeds United,€21.00m,2022
997,GmriU,51,Goalkeeper,Real Betis,Leeds United,€1.20m,2022
998,CcnKM,13,Right Winger,Fulham,Leeds United,€13.00m,2022
999,Tgabw,06,Attacking Midfield,UD Ibiza,Leeds United,€1.00m,2022
1000,SpXdd,04,Left-Back,Zulte Waregem,Leeds United,€600k,2022
1001,SojrS,45,Right Winger,Blackpool,Leeds United,€1.00m,2022
1002,odFBM,66,Right Winger,Valencia,Leeds United,€3.50m,2022
1003,WIMrj,73,Central Midfield,Millwall,Leeds United,€2.50m,2022
1004,rDhcL,89,Right-Back,Luton,Leeds United,€3.00m,2022
1005,ophWF,28,Centre-Back,Millwall,Leeds United,€5.00m,2022
1006,xHEfS,35,Centre-Forward,Sunderland,Leeds United,€8.00m,2022
1007,NWrCN,68,Goalkeeper,Elche CF,Leeds United,€400k,2022
1008,vzyzR,94,Centre-Forward,QPR,Leeds United,€4.00m,2022
1009,FqEVu,55,Attacking Midfield,UD Ibiza,Leeds United,€1.00m,2022
1010,OtUAw,76,Right Winger,Leeds United,Barcelona,€50.00m,2022
1011,ZeZUm,89,Defensive Midfield,Leeds United,Manchester City,€35.00m,2022
1012,pCzsV,81,Right Winger,Leeds United,Al-Ittihad Club,€3.50m,2022
1013,kNyrr,39,Left-Back,Leeds United,Ipswich,€1.00m,2022
1014,tzyCt,48,Attacking Midfield,Leeds United,LAFC,€1.00m,2022
1015,uAqrX,68,Centre-Back,Leeds United,AS Roma,€12.00m,2022
1016,xnhlK,84,Goalkeeper,Leeds United,Getafe,€400k,2022
1017,kNmZT,47,Central Midfield,Leeds United,D.C. United,€2.00m,2022
1018,AkrIA,80,Left-Back,Leeds United,Zulte Waregem,€600k,2022
1019,MwSir,94,Left-Back,Leeds United,Stoke City,€350k,2022
1020,hwLBt,51,Centre-Forward,Leeds United,Sunderland,€8.00m,2022
1021,YdTuG,23,Central Midfield,Leeds United,Millwall,€2.50m,2022
1022,eTWDM,92,Right-Back,Leeds United,Luton,€3.00m,2022
1023,sTJoM,98,Centre-Back,Leeds United,Millwall,€5.00m,2022
1024,QIQVQ,37,Right Winger,Leeds United,Blackpool,€1.00m,2022
1025,mfJgs,28,Attacking Midfield,Leeds United,UD Ibiza,€1.00m,2022
1026,OkFen,85,Right Winger,Leeds United,Fulham,€13.00m,2022
1027,BsjiM,21,Centre-Forward,Leeds United,QPR,€4.00m,2022
1028,RYsNb,03,Centre-Back,Stade Reims,Leicester City,€20.00m,2022
1029,Zfzau,06,Centre-Back,Stoke City,Leicester City,€15.00m,2022
1030,Momwn,97,Left-Back,FC Copenhagen,Leicester City,€12.00m,2022
1031,PnNRX,37,Goalkeeper,Cardiff,Leicester City,€600k,2022
1032,outHG,88,Right Winger,Shakhtar Donetsk,Leicester City,€25.00m,2022
1033,PdIex,48,Central Midfield,Torino,Leicester City,€8.00m,2022
1034,xVhUg,37,Centre-Forward,Blackburn Rovers,Leicester City,€800k,2022
1035,QfxIe,12,Centre-Forward,Ipswich,Leicester City,€800k,2022
1036,SQEiJ,33,Defensive Midfield,Watford,Leicester City,€5.00m,2022
1037,ogHKp,38,Right Midfield,West Brom,Leicester City,€2.00m,2022
1038,FIcDR,58,Centre-Back,Leicester City,Chelsea,€65.00m,2022
1039,MXUiz,44,Goalkeeper,Leicester City,OGC Nice,€2.50m,2022
1040,IYawe,21,Centre-Forward,Leicester City,Ipswich,€800k,2022
1041,UWrBu,20,Right Midfield,Leicester City,West Brom,€2.00m,2022
1042,PtDOo,82,Second Striker,Leicester City,Real Betis,€6.00m,2022
1043,fkagX,34,Centre-Forward,Leicester City,Blackburn Rovers,€800k,2022
1044,ekzVy,46,Defensive Midfield,Leicester City,Watford,€5.00m,2022
1045,YYjnU,65,Second Striker,Leicester City,RB Leipzig,€30.00m,2022
1046,zmibY,41,Centre-Forward,Benfica,Liverpool FC,€70.00m,2022
1047,FcGDT,01,Left Winger,PSV Eindhoven,Liverpool FC,€60.00m,2022
1048,FETDf,03,Attacking Midfield,Fulham,Liverpool FC,€20.00m,2022
1049,mGKMK,83,Right-Back,Aberdeen FC,Liverpool FC,€5.00m,2022
1050,JLefp,69,Central Midfield,Juventus,Liverpool FC,€15.00m,2022
1051,BPtXE,90,Defensive Midfield,Liverpool U18,Liverpool FC,€13.00m,2022
1052,yiaOJ,17,Defensive Midfield,FC Porto,Liverpool FC,€9.00m,2022
1053,bRsrj,12,Centre-Back,Blackpool,Liverpool FC,€3.00m,2022
1054,ZHVTl,91,Left Winger,Liverpool FC,Bayern Munich,€45.00m,2022
1055,Zgivg,86,Right-Back,Liverpool FC,Nottm Forest,€18.00m,2022
1056,ysEAF,89,Left Winger,Liverpool FC,Monaco,€8.00m,2022
1057,NSvtB,49,Defensive Midfield,Liverpool FC,FC Porto,€9.00m,2022
1058,ORABT,53,Centre-Back,Liverpool FC,Rangers,€3.50m,2022
1059,CIfLU,31,Centre-Forward,Liverpool FC,AC Milan,€8.00m,2022
1060,CTmMC,77,Right Winger,Liverpool FC,Cardiff,€1.80m,2022
1061,PzGRX,77,Attacking Midfield,Liverpool FC,Preston,€1.00m,2022
1062,oFXKZ,40,Centre-Back,Liverpool FC,Blackpool,€3.00m,2022
1063,xFnsS,16,Centre-Back,Liverpool FC,FC Schalke 04,€5.00m,2022
1064,SxCXD,21,Centre-Forward,Bor. Dortmund,Manchester City,€170.00m,2022
1065,rOiiF,01,Defensive Midfield,Leeds United,Manchester City,€35.00m,2022
1066,btbYR,74,Centre-Back,Bor. Dortmund,Manchester City,€30.00m,2022
1067,SJzMt,66,Left-Back,RSC Anderlecht,Manchester City,€15.00m,2022
1068,bPJzJ,00,Defensive Midfield,Vélez Sarsfield,Manchester City,€10.00m,2022
1069,QLHfh,18,Goalkeeper,Arm. Bielefeld,Manchester City,€6.00m,2022
1070,ruYnt,05,Right-Back,Man City U18,Manchester City,€15.00m,2022
1071,ZnXWr,51,Centre-Forward,São Paulo,Manchester City,€3.00m,2022
1072,cQRaD,04,Central Midfield,Vizela,Manchester City,€2.00m,2022
1073,ZpLbb,35,Goalkeeper,Middlesbrough,Manchester City,€4.50m,2022
1074,xiPnk,29,Right-Back,Sporting Lisbon,Manchester City,€35.00m,2022
1075,BDywy,47,Centre-Forward,River Plate,Manchester City,€50.00m,2022
1076,xSOQK,58,Central Midfield,Espanyol,Manchester City,€9.00m,2022
1077,yokJA,47,Right-Back,SC Braga,Manchester City,€4.00m,2022
1078,ATPmm,62,Centre-Back,FC Schalke 04,Manchester City,€12.00m,2022
1079,MOuvH,28,Left Winger,Lommel SK,Manchester City,€450k,2022
1080,upggZ,62,Goalkeeper,Adana Demirspor,Manchester City,€6.00m,2022
1081,lyHEa,76,Left Winger,Estoril Praia,Manchester City,€350k,2022
1082,ZLrKZ,90,Right Winger,KV Kortrijk,Manchester City,€800k,2022
1083,qnzfI,69,Right-Back,Troyes,Manchester City,€5.00m,2022
1084,zbeEj,81,Central Midfield,Lommel SK,Manchester City,€2.00m,2022
1085,LqLIo,00,Central Midfield,KV Kortrijk,Manchester City,€800k,2022
1086,refpo,38,Left Winger,Lommel SK,Manchester City,€100k,2022
1087,dUuDP,26,Centre-Forward,Girona,Manchester City,€3.00m,2022
1088,fiHqg,69,Left Winger,Manchester City,Chelsea,€60.00m,2022
1089,ODmpe,36,Centre-Forward,Manchester City,Arsenal,€75.00m,2022
1090,vkLIB,23,Left-Back,Manchester City,Arsenal,€40.00m,2022
1091,Mkpxh,16,Right-Back,Manchester City,Sporting Lisbon,€35.00m,2022
1092,BzHxt,09,Centre-Back,Manchester City,Bor. M'gladbach,€12.00m,2022
1093,fAwxN,29,Goalkeeper,Manchester City,Burnley,€6.00m,2022
1094,EZGOo,92,Central Midfield,Manchester City,EC Bahia,€2.00m,2022
1095,bLDrt,60,Left Winger,Manchester City,Macarthur,€450k,2022
1096,nPhgc,33,Left Winger,Manchester City,Gamba Osaka,€350k,2022
1097,QMxfx,05,Defensive Midfield,Manchester City,Athletico-PR,€800k,2022
1098,BpHBF,36,Centre-Forward,Manchester City,São Paulo,€3.00m,2022
1099,thAyy,88,Right-Back,Manchester City,Bayern Munich,€60.00m,2022
1100,JJdBt,29,Central Midfield,Manchester City,Troyes,€800k,2022
1101,CGmSm,19,Right Winger,Manchester City,Troyes,€800k,2022
1102,GmmTh,69,Right-Back,Manchester City,Marseille,€5.00m,2022
1103,KvJTe,83,Central Midfield,Manchester City,Vizela,€2.00m,2022
1104,ExkJh,64,Central Midfield,Manchester City,Girona,€9.00m,2022
1105,zJsNY,66,Goalkeeper,Manchester City,Middlesbrough,€4.50m,2022
1106,FOzTu,04,Right-Back,Manchester City,Girona,€4.00m,2022
1107,ZlyOB,65,Centre-Forward,Manchester City,CA Talleres,€3.00m,2022
1108,CZtrT,18,Right Winger,Ajax,Manchester United,€70.00m,2022
1109,dxvQW,97,Defensive Midfield,Real Madrid,Manchester United,€50.00m,2022
1110,wQpKE,93,Centre-Back,Ajax,Manchester United,€50.00m,2022
1111,BdOXc,76,Left-Back,Feyenoord,Manchester United,€22.00m,2022
1112,BZMzQ,03,Centre-Forward,Burnley,Manchester United,€14.00m,2022
1113,ZYTDL,25,Goalkeeper,Newcastle United,Manchester United,€2.50m,2022
1114,svdIs,32,Central Midfield,Brentford,Manchester United,€25.00m,2022
1115,bltBb,66,Goalkeeper,Crystal Palace,Manchester United,€1.50m,2022
1116,UwbXM,96,Central Midfield,Bayern Munich,Manchester United,€20.00m,2022
1117,DCuxS,49,Attacking Midfield,Manchester United,Manchester United,€8.00m,2022
1118,GCjKx,70,Central Midfield,Manchester United,Manchester United,€800k,2022
1119,StOdD,04,Central Midfield,Manchester United,Manchester United,€800k,2022
1120,PoNbx,25,Left-Back,Manchester United,Manchester United,€6.00m,2022
1121,sCUMy,75,Left Winger,Manchester United,Manchester United,€25.00m,2022
1122,DMnCk,62,Right Winger,Sunderland,Manchester United,€13.00m,2022
1123,nGhZp,73,Attacking Midfield,Birmingham,Manchester United,€8.00m,2022
1124,urdwJ,49,Left-Back,Preston,Manchester United,€6.00m,2022
1125,NyKfT,89,Right Winger,Bolton,Manchester United,€4.00m,2022
1126,oCvGh,66,Goalkeeper,Nottm Forest,Manchester United,€22.00m,2022
1127,OfbEO,31,Centre-Back,Stoke City,Manchester United,€6.00m,2022
1128,LouGy,36,Centre-Forward,Sevilla FC,Manchester United,€15.00m,2022
1129,mNEzX,96,Centre-Back,SSC Napoli,Manchester United,€6.00m,2022
1130,dlbZo,98,Attacking Midfield,Flamengo,Manchester United,€16.00m,2022
1131,ieeYs,11,Right Winger,Alavés,Manchester United,€3.00m,2022
1132,iWFvC,80,Attacking Midfield,Manchester United,Fulham,€16.00m,2022
1133,LfCKR,20,Centre-Back,Manchester United,Marseille,€8.00m,2022
1134,kpTfD,80,Right Winger,Manchester United,Birmingham,€3.00m,2022
1135,EgSPq,63,Central Midfield,Manchester United,Juventus,€20.00m,2022
1136,mQXzv,42,Defensive Midfield,Manchester United,AS Roma,€4.00m,2022
1137,GuBSo,96,Attacking Midfield,Manchester United,Galatasaray,€1.50m,2022
1138,gSLaQ,58,Centre-Forward,Manchester United,Valencia,€4.00m,2022
1139,nUeQT,47,Attacking Midfield,Manchester United,Nottm Forest,€12.00m,2022
1140,DSagX,74,Goalkeeper,Manchester United,Nottm Forest,€22.00m,2022
1141,BWqLR,88,Right Winger,Manchester United,Sunderland,€13.00m,2022
1142,Luldu,18,Attacking Midfield,Manchester United,Birmingham,€8.00m,2022
1143,Wtlap,62,Centre-Back,Manchester United,Stoke City,€6.00m,2022
1144,qUraQ,90,Left-Back,Manchester United,Sevilla FC,€12.00m,2022
1145,maDbI,70,Right Winger,Manchester United,Bolton,€4.00m,2022
1146,ZItZj,40,Left-Back,Manchester United,Preston,€6.00m,2022
1147,CjuTm,81,Goalkeeper,Manchester United,Newcastle United,€2.50m,2022
1148,LoCzJ,35,Centre-Forward,Real Sociedad,Newcastle United,€50.00m,2022
1149,uqtWS,73,Left Winger,Everton,Newcastle United,€40.00m,2022
1150,tnNqK,58,Centre-Back,LOSC Lille,Newcastle United,€45.00m,2022
1151,seoTV,50,Left-Back,Aston Villa,Newcastle United,€15.00m,2022
1152,zIqDn,86,Goalkeeper,Burnley,Newcastle United,€18.00m,2022
1153,TctqH,86,Right-Back,West Ham U21,Newcastle United,€1.00m,2022
1154,GMhdz,94,Right Winger,Central Coast,Newcastle United,€800k,2022
1155,bKvYZ,68,Attacking Midfield,Newcastle U21,Newcastle United,€3.50m,2022
1156,dhFOT,05,Centre-Back,Newcastle U21,Newcastle United,€200k,2022
1157,JJmLG,17,Goalkeeper,Hull City,Newcastle United,€1.20m,2022
1158,uczlW,24,Central Midfield,Colchester Utd.,Newcastle United,€1.50m,2022
1159,BZZEf,92,Right Winger,Heart of Midl.,Newcastle United,€800k,2022
1160,Nyzbi,06,Goalkeeper,Manchester United,Newcastle United,€2.50m,2022
1161,hREdl,24,Centre-Back,Peterborough,Newcastle United,€200k,2022
1162,ntqRz,25,Centre-Back,Sheffield United,Newcastle United,€700k,2022
1163,DUvVR,30,Central Midfield,Reading,Newcastle United,€2.50m,2022
1164,fOjNZ,42,Defensive Midfield,Norwich City,Newcastle United,€4.00m,2022
1165,GVWYG,76,Goalkeeper,Newcastle United,Manchester United,€2.50m,2022
1166,wPboX,82,Centre-Back,Newcastle United,Elche CF,€1.00m,2022
1167,xQOjJ,16,Centre-Forward,Newcastle United,Stoke City,€900k,2022
1168,QitPc,07,Centre-Back,Newcastle United,Peterborough,€200k,2022
1169,QrZbr,49,Goalkeeper,Newcastle United,Preston,€6.00m,2022
1170,nOWpC,14,Central Midfield,Newcastle United,Nottm Forest,€7.00m,2022
1171,Omeqr,56,Centre-Forward,Newcastle United,Nottm Forest,€10.00m,2022
1172,Gblxn,83,Right Winger,Newcastle United,Heart of Midl.,€800k,2022
1173,ZgZJv,58,Defensive Midfield,Newcastle United,Norwich City,€4.00m,2022
1174,LgRje,32,Central Midfield,Newcastle United,Colchester Utd.,€1.50m,2022
1175,zgELM,38,Centre-Back,Newcastle United,Sheffield United,€700k,2022
1176,nuvTO,32,Goalkeeper,Newcastle United,Hull City,€1.20m,2022
1177,lhiLP,93,Central Midfield,Newcastle United,Reading,€2.50m,2022
1178,wfoWm,31,Attacking Midfield,Wolves,Nottingham Forest,€30.00m,2022
1179,VoMMD,49,Centre-Forward,Union Berlin,Nottingham Forest,€20.00m,2022
1180,oJhri,79,Right-Back,Liverpool,Nottingham Forest,€18.00m,2022
1181,QjPjO,39,Defensive Midfield,Palmeiras,Nottingham Forest,€25.00m,2022
1182,HeMEZ,93,Centre-Forward,Watford,Nottingham Forest,€10.00m,2022
1183,yGFeM,67,Central Midfield,VfB Stuttgart,Nottingham Forest,€12.00m,2022
1184,lUrRs,86,Right-Back,Troyes,Nottingham Forest,€7.00m,2022
1185,WZcwO,95,Centre-Back,1.FSV Mainz 05,Nottingham Forest,€18.00m,2022
1186,BbhUu,74,Central Midfield,Huddersfield,Nottingham Forest,€8.00m,2022
1187,ugiXB,40,Central Midfield,Atalanta BC,Nottingham Forest,€10.00m,2022
1188,OJdil,06,Left-Back,Bayern Munich,Nottingham Forest,€7.00m,2022
1189,epRGU,00,Left-Back,Atlético Madrid,Nottingham Forest,€20.00m,2022
1190,Oakky,26,Centre-Forward,G. Bordeaux,Nottingham Forest,€5.00m,2022
1191,hNegw,76,Centre-Back,Wolves,Nottingham Forest,€4.00m,2022
1192,zHdlm,19,Left-Back,Huddersfield,Nottingham Forest,€3.50m,2022
1193,gdoth,75,Right Winger,Blackpool,Nottingham Forest,€2.00m,2022
1194,JPwfG,37,Centre-Back,Atlético Madrid,Nottingham Forest,€3.00m,2022
1195,HoRPw,53,Attacking Midfield,LD Alajuelense,Nottingham Forest,€275k,2022
1196,JlIxG,18,Goalkeeper,Burnley,Nottingham Forest,€500k,2022
1197,AYTfp,51,Goalkeeper,FK Sarajevo,Nottingham Forest,€150k,2022
1198,FoMDd,48,Attacking Midfield,Manchester United,Nottingham Forest,€12.00m,2022
1199,XIBBc,27,Left Winger,Al-Sadd SC,Nottingham Forest,€2.20m,2022
1200,pbDxd,97,Attacking Midfield,Palmeiras,Nottingham Forest,€12.00m,2022
1201,qHGaf,43,Defensive Midfield,Crystal Palace,Nottingham Forest,€3.00m,2022
1202,EVRsY,96,Central Midfield,Newcastle United,Nottingham Forest,€7.00m,2022
1203,jaHcZ,69,Centre-Forward,Newcastle United,Nottingham Forest,€10.00m,2022
1204,aXkqr,20,Centre-Back,Rennes,Nottingham Forest,€10.00m,2022
1205,EciBj,15,Goalkeeper,Paris St-Germain,Nottingham Forest,€5.00m,2022
1206,BOoiq,57,Goalkeeper,Manchester United,Nottingham Forest,€22.00m,2022
1207,WmSGH,10,Centre-Forward,SM Caen,Nottingham Forest,€1.00m,2022
1208,QYoMO,67,Goalkeeper,Huddersfield,Nottingham Forest,€300k,2022
1209,xmLJh,56,Right-Back,Melbourne City,Nottingham Forest,€450k,2022
1210,cGmRo,88,Centre-Back,Coventry,Nottingham Forest,€3.00m,2022
1211,Jybct,01,Goalkeeper,Oxford City,Nottingham Forest,€150k,2022
1212,ydaPt,93,Left-Back,Como,Nottingham Forest,€550k,2022
1213,kQOoi,24,Attacking Midfield,Guanacasteca,Nottingham Forest,€275k,2022
1214,dFkZy,31,Left Winger,Sheff Wed,Nottingham Forest,€600k,2022
1215,EIzBy,24,Right Winger,Blackpool,Nottingham Forest,€2.00m,2022
1216,aUKWY,23,Centre-Forward,Olympiacos,Nottingham Forest,€5.00m,2022
1217,QwpAT,09,Right Winger,Olympiacos,Nottingham Forest,€2.00m,2022
1218,TSQaw,29,Goalkeeper,Nottingham Forest,Lens,€10.00m,2022
1219,rVRPa,30,Centre-Forward,Nottingham Forest,Al-Ahli SFC,€300k,2022
1220,SKeBS,49,Right Winger,Nottingham Forest,Sydney FC,€1.80m,2022
1221,FaEBy,58,Right-Back,Nottingham Forest,Newcastle United,€450k,2022
1222,XXciF,20,Centre-Back,Nottingham Forest,Hull City,€2.00m,2022
1223,Srkxt,73,Left-Back,Nottingham Forest,Como,€550k,2022
1224,AifHk,11,Right Winger,Nottingham Forest,Dijon,€800k,2022
1225,jkAFl,58,Centre-Forward,Nottingham Forest,AJ Auxerre,€1.00m,2022
1226,zBQyQ,12,Goalkeeper,Nottingham Forest,Oxford City,€150k,2022
1227,Itofk,28,Right Winger,Nottingham Forest,Blackpool,€2.00m,2022
1228,Bfsna,60,Centre-Back,Nottingham Forest,Guingamp,€2.50m,2022
1229,xLSZM,21,Attacking Midfield,Nottingham Forest,Estoril Praia,€275k,2022
1230,oBQHX,69,Right Winger,Nottingham Forest,Olympiacos,€2.00m,2022
1231,NtDsL,27,Goalkeeper,Nottingham Forest,Huddersfield,€300k,2022
1232,RUtcA,74,Central Midfield,Nottingham Forest,D.C. United,€8.00m,2022
1233,LEIHU,47,Goalkeeper,Nottingham Forest,Luton,€1.00m,2022
1234,cVQwR,38,Centre-Forward,Nottingham Forest,Olympiacos,€5.00m,2022
1235,PbLeA,25,Right-Back,Nottingham Forest,Toronto,€2.50m,2022
1236,ziMDb,05,Central Midfield,Nottingham Forest,Salt Lake,€1.50m,2022
1237,ZPyqk,96,Centre-Back,Nottingham Forest,Coventry,€3.00m,2022
1238,SGtZP,51,Left Winger,Nottingham Forest,Sheff Wed,€600k,2022
1239,QRRHb,42,Attacking Midfield,Nottingham Forest,Guanacasteca,€275k,2022
1240,rteQm,33,Centre-Forward,Nottingham Forest,FC Seoul,€5.00m,2022
1241,pEsUt,06,Goalkeeper,Nottingham Forest,Manchester United,€22.00m,2022
1242,KYfRV,14,Centre-Back,Nottingham Forest,Rennes,€10.00m,2022
1243,FpIrI,94,Left Winger,Rennes,Southampton FC,€22.00m,2022
1244,Eqnpi,99,Centre-Forward,KRC Genk,Southampton FC,€17.00m,2022
1245,nvvNw,42,Goalkeeper,Man City U21,Southampton FC,€18.00m,2022
1246,Ofwpv,46,Central Midfield,Racing Club,Southampton FC,€12.00m,2022
1247,lVvbG,93,Centre-Forward,G. Bordeaux,Southampton FC,€12.00m,2022
1248,tFLBB,08,Defensive Midfield,Man City U21,Southampton FC,€25.00m,2022
1249,antTq,58,Centre-Back,VfL Bochum,Southampton FC,€20.00m,2022
1250,VyrGp,29,Centre-Back,Marseille,Southampton FC,€14.00m,2022
1251,nDFQU,42,Left Winger,Man City U21,Southampton FC,€7.00m,2022
1252,MQoGU,02,Attacking Midfield,Rangers,Southampton FC,€15.00m,2022
1253,UkOoV,87,Left-Back,Man City U21,Southampton FC,€7.00m,2022
1254,XdFHj,58,Left Winger,Dinamo Zagreb,Southampton FC,€7.00m,2022
1255,jddax,66,Right-Back,Luton,Southampton FC,€3.00m,2022
1256,eTGqQ,33,Goalkeeper,Altay SK,Southampton FC,€1.00m,2022
1257,TyArO,44,Right Midfield,Arsenal,Southampton FC,€8.00m,2022
1258,wqGbG,97,Centre-Back,Aston Villa,Southampton FC,€14.00m,2022
1259,BgHHf,10,Central Midfield,Stoke City,Southampton FC,€2.20m,2022
1260,vPkVl,55,Centre-Forward,Cheltenham,Southampton FC,€900k,2022
1261,JDoge,10,Right Winger,Burnley,Southampton FC,€12.00m,2022
1262,kNDJO,95,Centre-Forward,Bolton,Southampton FC,€900k,2022
1263,wChLr,43,Centre-Back,Bournemouth,Southampton FC,€5.00m,2022
1264,eGApp,41,Defensive Midfield,Southampton FC,Girona,€5.00m,2022
1265,Rtktm,72,Goalkeeper,Southampton FC,Tottenham Hotspur,€1.50m,2022
1266,aNiJQ,33,Right Winger,Southampton FC,Besiktas,€9.50m,2022
1267,iijiF,78,Goalkeeper,Southampton FC,Bradford,€300k,2022
1268,hAVLl,98,Centre-Forward,Southampton FC,Reading,€300k,2022
1269,UQPsY,55,Right-Back,Southampton FC,Angers SCO,€2.50m,2022
1270,CpQie,08,Centre-Back,Southampton FC,Bournemouth,€5.00m,2022
1271,VZdSB,19,Centre-Forward,Southampton FC,Bolton,€900k,2022
1272,UPZDc,24,Centre-Forward,Southampton FC,Cheltenham,€900k,2022
1273,vilzO,31,Central Midfield,Southampton FC,Stoke City,€2.20m,2022
1274,Aqgio,55,Centre-Back,Southampton FC,Aston Villa,€14.00m,2022
1275,besBB,61,Right Winger,Southampton FC,Burnley,€12.00m,2022
1276,sBTOp,50,Goalkeeper,Southampton FC,Troyes,€1.00m,2022
1277,CmWEz,99,Right Midfield,Southampton FC,Arsenal,€8.00m,2022
1278,rects,10,Centre-Forward,Everton,Tottenham Hotspur,€55.00m,2022
1279,AiLdr,13,Centre-Back,Atalanta BC,Tottenham Hotspur,€60.00m,2022
1280,mqSwX,26,Central Midfield,Brighton & Hove Albion,Tottenham Hotspur,€25.00m,2022
1281,EPviI,35,Left-Back,Udinese Calcio,Tottenham Hotspur,€22.00m,2022
1282,fFGuq,33,Right-Back,Middlesbrough,Tottenham Hotspur,€13.00m,2022
1283,lMFFT,15,Right-Back,Sporting Lisbon,Tottenham Hotspur,€35.00m,2022
1284,NmQFM,05,Left Winger,Villarreal,Tottenham Hotspur,€27.00m,2022
1285,IkyWs,45,Goalkeeper,Southampton,Tottenham Hotspur,€1.50m,2022
1286,kDmZY,72,Left Midfield,Inter Milan,Tottenham Hotspur,€10.00m,2022
1287,BVEMX,49,Centre-Back,Barcelona,Tottenham Hotspur,€12.00m,2022
1288,nIeXK,24,Central Midfield,FC Metz,Tottenham Hotspur,€15.00m,2022
1289,NQIJg,16,Central Midfield,Olympique Lyon,Tottenham Hotspur,€25.00m,2022
1290,GNyWl,34,Left Winger,Valencia,Tottenham Hotspur,€12.00m,2022
1291,agOWm,16,Central Midfield,Villarreal,Tottenham Hotspur,€18.00m,2022
1292,AZuzM,39,Goalkeeper,Degerfors,Tottenham Hotspur,€500k,2022
1293,xsDRr,77,Left Winger,Tottenham Hotspur,Ajax,€24.00m,2022
1294,HJixT,97,Centre-Back,Tottenham Hotspur,Celtic,€11.00m,2022
1295,ByYsJ,06,Central Midfield,Tottenham Hotspur,SSC Napoli,€25.00m,2022
1296,Qjfay,65,Right-Back,Tottenham Hotspur,Atlético Madrid,€9.00m,2022
1297,lJHTz,52,Left Winger,Tottenham Hotspur,Sunderland,€8.00m,2022
1298,niQnZ,55,Left-Back,Tottenham Hotspur,Atlético Madrid,€15.00m,2022
1299,MviQf,36,Left-Back,Tottenham Hotspur,Udinese Calcio,€22.00m,2022
1300,rkAMm,97,Central Midfield,Tottenham Hotspur,Villarreal,€18.00m,2022
1301,yfmkZ,37,Defensive Midfield,Tottenham Hotspur,Sampdoria,€12.00m,2022
1302,UOIbW,00,Left Winger,Tottenham Hotspur,Sevilla FC,€12.00m,2022
1303,PnFEN,21,Right-Back,Tottenham Hotspur,Rennes,€13.00m,2022
1304,nihmF,87,Centre-Back,Tottenham Hotspur,Rennes,€8.00m,2022
1305,rjINd,24,Goalkeeper,Tottenham Hotspur,Atalanta BC,€5.00m,2022
1306,cFdvh,04,Attacking Midfield,Olympique Lyon,West Ham United,€45.00m,2022
1307,iSlsB,46,Centre-Forward,Sassuolo,West Ham United,€27.00m,2022
1308,ajwdP,01,Centre-Back,Rennes,West Ham United,€32.00m,2022
1309,MvPnp,15,Left Winger,Burnley,West Ham United,€15.00m,2022
1310,zYiGh,18,Left-Back,Chelsea,West Ham United,€12.00m,2022
1311,kmxSI,93,Centre-Forward,Aston Villa,West Ham United,€16.00m,2022
1312,UvFtt,84,Centre-Back,Paris St-Germain,West Ham United,€18.00m,2022
1313,EmLQw,23,Central Midfield,Swansea,West Ham United,€8.00m,2022
1314,HEsZq,40,Goalkeeper,Paris St-Germain,West Ham United,€8.00m,2022
1315,iDheE,46,Centre-Back,São Paulo,West Ham United,€1.00m,2022
1316,qHmbK,30,Goalkeeper,West Ham U21,West Ham United,€400k,2022
1317,mhlxI,84,Defensive Midfield,Rotherham,West Ham United,€1.50m,2022
1318,JQpKd,77,Centre-Back,West Ham United,Fulham,€18.00m,2022
1319,uMtUv,60,Centre-Back,West Ham United,Wolves,€2.50m,2022
1320,WKuLG,22,Goalkeeper,West Ham United,Bournemouth,€500k,2022
1321,vUVYb,33,Right Winger,West Ham United,Al-Ain FC,€2.50m,2022
1322,gxTfU,00,Right-Back,West Ham United,Bournemouth,€2.00m,2022
1323,PHcDI,61,Defensive Midfield,West Ham United,Rotherham,€1.50m,2022
1324,QtvnI,97,Goalkeeper,West Ham United,Vejle BK,€400k,2022
1325,sOgnU,68,Left-Back,West Ham United,Besiktas,€5.50m,2022
1326,OXwMA,05,Attacking Midfield,West Ham United,Torino,€20.00m,2022
1327,SVlMb,05,Goalkeeper,West Ham United,Paris St-Germain,€8.00m,2022
1328,heklK,11,Defensive Midfield,West Ham United,Spartak Moscow,€5.50m,2022
1329,EWRIV,42,Central Midfield,Sporting Lisbon,Wolverhampton Wanderers,€45.00m,2022
1330,bLySt,82,Second Striker,Valencia,Wolverhampton Wanderers,€28.00m,2022
1331,qUMtP,11,Centre-Back,Burnley,Wolverhampton Wanderers,€22.00m,2022
1332,uAiuS,14,Central Midfield,Flamengo,Wolverhampton Wanderers,€15.00m,2022
1333,XXbsl,22,Centre-Forward,VfB Stuttgart,Wolverhampton Wanderers,€18.00m,2022
1334,WoPxG,92,Centre-Forward,RB Leipzig,Wolverhampton Wanderers,€12.00m,2022
1335,nUKNb,78,Defensive Midfield,OGC Nice,Wolverhampton Wanderers,€10.00m,2022
1336,LLORz,72,Right Winger,Paris St-Germain,Wolverhampton Wanderers,€16.00m,2022
1337,HiOrN,54,Centre-Back,West Ham,Wolverhampton Wanderers,€2.50m,2022
1338,qnQzj,70,Defensive Midfield,FC Metz,Wolverhampton Wanderers,€5.00m,2022
1339,iKURx,23,Goalkeeper,Bristol City,Wolverhampton Wanderers,€1.80m,2022
1340,BtWKz,08,Centre-Forward,Atlético Madrid,Wolverhampton Wanderers,€30.00m,2022
1341,QoOJK,37,Defensive Midfield,Wolves U21,Wolverhampton Wanderers,€500k,2022
1342,XcSbT,76,Left-Back,Wolves U21,Wolverhampton Wanderers,€200k,2022
1343,dNhqn,18,Central Midfield,Swansea,Wolverhampton Wanderers,€1.00m,2022
1344,jnQDc,32,Centre-Forward,RSC Anderlecht,Wolverhampton Wanderers,€13.00m,2022
1345,FDOwv,58,Goalkeeper,Stoke City,Wolverhampton Wanderers,€2.00m,2022
1346,wWLIy,29,Right-Back,Stoke City,Wolverhampton Wanderers,€4.00m,2022
1347,VDRDK,52,Centre-Back,Cincinnati,Wolverhampton Wanderers,€3.00m,2022
1348,tkcYM,64,Right-Back,PSV Eindhoven,Wolverhampton Wanderers,€4.00m,2022
1349,EtWIb,11,Centre-Forward,Grasshoppers,Wolverhampton Wanderers,€1.00m,2022
1350,gbIoI,63,Goalkeeper,Solihull Moors,Wolverhampton Wanderers,€200k,2022
1351,riGUL,96,Central Midfield,Grasshoppers,Wolverhampton Wanderers,€1.60m,2022
1352,QFQfS,09,Right Winger,Barcelona,Wolverhampton Wanderers,€12.00m,2022
1353,pDNla,29,Centre-Forward,Grasshoppers,Wolverhampton Wanderers,€2.00m,2022
1354,cOtby,91,Centre-Forward,Miami,Wolverhampton Wanderers,€3.00m,2022
1355,mBaCA,78,Centre-Forward,FC Empoli,Wolverhampton Wanderers,€2.50m,2022
1356,ARGij,04,Centre-Forward,Tondela,Wolverhampton Wanderers,€1.00m,2022
1357,UlOid,00,Left-Back,Sporting Lisbon,Wolverhampton Wanderers,€5.00m,2022
1358,ypvFm,86,Attacking Midfield,Wolverhampton Wanderers,Nottm Forest,€30.00m,2022
1359,MsFVm,62,Defensive Midfield,Wolverhampton Wanderers,Aston Villa,€17.00m,2022
1360,LIkaV,38,Left-Back,Wolverhampton Wanderers,Sporting Lisbon,€5.00m,2022
1361,vODMP,58,Centre-Forward,Wolverhampton Wanderers,Miami,€3.00m,2022
1362,sVwri,74,Centre-Back,Wolverhampton Wanderers,Nottm Forest,€4.00m,2022
1363,eZlnK,85,Centre-Forward,Wolverhampton Wanderers,Minnesota,€2.00m,2022
1364,SgErG,34,Central Midfield,Wolverhampton Wanderers,Colorado,€800k,2022
1365,eqUEx,63,Goalkeeper,Wolverhampton Wanderers,Birmingham,€300k,2022
1366,yAeEX,48,Centre-Forward,Wolverhampton Wanderers,San Luis,€1.00m,2022
1367,iQwvi,80,Centre-Back,Wolverhampton Wanderers,Besiktas,€6.00m,2022
1368,EtEFW,99,Left-Back,Wolverhampton Wanderers,Botafogo,€1.20m,2022
1369,Togsd,16,Goalkeeper,Wolverhampton Wanderers,Solihull Moors,€200k,2022
1370,igoXq,41,Centre-Forward,Wolverhampton Wanderers,PSV Eindhoven,€13.00m,2022
1371,mqwUv,00,Centre-Forward,Wolverhampton Wanderers,Grasshoppers,€1.00m,2022
1372,kBaWT,13,Centre-Forward,Wolverhampton Wanderers,Como,€2.50m,2022
1373,Qjryz,87,Centre-Back,Wolverhampton Wanderers,Everton,€18.00m,2022
1374,MAtRt,63,Second Striker,Wolverhampton Wanderers,Benfica,€28.00m,2022
1375,PCcAM,12,Central Midfield,Wolverhampton Wanderers,Swansea,€1.00m,2022
1376,ucfrW,63,Central Midfield,Wolverhampton Wanderers,Santa Clara,€1.60m,2022
1377,LcvPd,50,Centre-Forward,Wolverhampton Wanderers,RSC Anderlecht,€13.00m,2022
1378,trZyh,22,Right-Back,Wolverhampton Wanderers,PSV Eindhoven,€4.00m,2022
1379,kfGqu,13,Right-Back,Wolverhampton Wanderers,Stoke City,€4.00m,2022
1380,vnIph,14,Centre-Back,Wolverhampton Wanderers,Cincinnati,€3.00m,2022
1381,YPwPW,53,Goalkeeper,Wolverhampton Wanderers,Stoke City,€2.00m,2022
1382,Xlsdv,95,Centre-Forward,Wolverhampton Wanderers,RB Leipzig,€12.00m,2022
1383,WIOzJ,48,Right Winger,Wolverhampton Wanderers,Barcelona,€15.00m,2022
